material_id,e_hull_true,e_hull_pred,formula
wbm-4-5333,-0.111504,-0.07061857474190854,C1 Os2 Si2 Tb2
wbm-3-4012,0.23599,0.17885262295532187,Al2 Cu4 U2
wbm-4-24515,0.043239,0.020234814046224153,Ge2 Ho2 Ni2
wbm-2-4930,0.096579,0.11664211759440038,B4 Mo2
wbm-2-41070,0.038474,0.0392648063964841,In8 La2 Rh2
wbm-1-12220,0.08881,0.008096207702636915,Co1 Zn1
wbm-2-17208,0.06068,0.00906378324751396,Er1 Fe4 Sn6
wbm-4-3816,0.138674,0.10380395761718789,B2 Eu1 O6 Ta1
wbm-2-26717,0.013302,0.006681922149657979,Cu4 Mg2 Sc2
wbm-3-11830,-0.229645,-0.259965814941406,C2 I2 N4 Pr2
wbm-3-31707,0.064001,0.052274618387858324,Ge1 Pt3 Sr2
wbm-3-18401,0.256297,0.21597337774658243,Cr5 Zr3
wbm-2-34902,0.363245,0.31929454345703173,O4 P1 Pd1
wbm-3-1379,0.15282,0.08698498016357431,Al4 Ru2 Ti2
wbm-3-33396,0.433812,0.06124897796630885,H2 I2 V2
wbm-2-38694,0.235484,0.2531918677571613,Mn4 P4 Sm4
wbm-5-21401,0.82172,0.7885066090087891,Ru4 Sr4
wbm-3-5145,-0.07058,-0.110422220648871,Al3 Ru3 Th3
wbm-3-52529,0.189388,0.17578572566731798,Ba2 O8 Ti2
wbm-4-31824,0.0603,0.014118487670899273,Np1 Ru2 Sm1
wbm-1-9391,0.109297,0.13825086196136474,Cd1 Cs3
wbm-4-16531,0.032226,0.04766556966145761,Bi2 Hf6 W1
wbm-1-49125,0.289712,0.13320945765904013,Ni3 Rb2 S2
wbm-2-35296,-0.133738,-0.13548312861328102,Ba2 Er1 Ir1 O6
wbm-4-675,0.021446,0.014250824389648399,Al3 Ca1 Zn1
wbm-2-20368,0.063478,0.007966212605794082,Ce2 Ge1 Os3
wbm-1-19210,0.073472,0.036533692382812136,Gd6 Pb2
wbm-2-26602,0.027701,-0.00971792171223904,Ho3 Mg1 Rh2
wbm-3-45812,0.290399,0.20573996368408237,Na4 P2 Ru2
wbm-3-29770,0.031365,0.0018412493489584833,Ge2 In3 Pt1 Tb3
wbm-2-16592,0.021846,0.019023693644205388,Ca1 F8 Na2 Zr1
wbm-5-3093,-0.000891,0.015826829589843803,Br2 Nd2 Rh2
wbm-1-10815,0.071127,0.0755942946999289,Cl8 Dy2 Sr1
wbm-5-9305,-0.002468,-0.0025734358181420413,Ge2 La6 Ru1
wbm-1-1312,0.318652,0.1543706744689944,Al3 Ru1
wbm-1-8160,0.190067,0.21637517779540974,Ca2 Ir1 Pd1
wbm-2-34601,0.428321,0.3915345673217774,Ag2 Co2 O8
wbm-2-28040,-0.021861,-0.01607596008300758,Mn2 Ni2 Se6 Tl2
wbm-3-1277,0.218786,0.10743627726237026,Al4 Cr6 Si2
wbm-2-49220,0.022374,0.02630783789062485,Cd2 Nd1 Sr1
wbm-4-16076,0.04314,-0.04852880132378452,Fe1 H6 Tb2
wbm-3-13809,0.063931,0.05447965054660368,Ca3 Zn6
wbm-3-21829,0.003284,-0.0042310507134331685,Au3 Er3 Hg3
wbm-1-45656,0.110266,0.10945523266601567,Cd4 Cu4 P4
wbm-2-25144,0.039067,-0.11126216547851506,As2 Mg2 Sm1
wbm-5-20359,-0.155026,-0.2821049792785632,Ge1 Pm2 Si1
wbm-4-3835,0.016142,0.009196299951171338,B2 Ho1 O6 Yb1
wbm-2-32088,0.199887,0.18387901568603504,Hg1 Ni4 Sr1
wbm-1-46049,0.000499,0.0012166780598960873,Ni1 P1 Y1
wbm-1-2872,-0.049712,-0.03376138364257788,Al2 Pd4 Sr4
wbm-2-16228,-0.078333,-0.06306470684814537,Cs1 F6 Rh1
wbm-3-23326,-0.012662,-0.01138815466308634,F6 Rb3 Rh1
wbm-4-34300,0.000673,0.036419788177489996,Ir1 Rb1 Se2
wbm-4-18042,0.054981,0.02386999116654792,Li4 P4 Sm3
wbm-1-6568,0.046026,0.05056901393127432,Br2 Rb2
wbm-2-24669,0.16901,0.12156222897338764,Li1 Os1
wbm-3-53385,0.228463,0.24497597338867153,Ba2 Cd1 O6 Yb1
wbm-1-12343,0.193841,0.07001066967773459,Cr2 Mo1 Ru1
wbm-3-27058,0.170362,0.1233374037017817,Cs2 Fe1 Sn1 Te4
wbm-2-38196,0.107132,0.05790115720621836,Ca2 P2 Pb2
wbm-1-10504,-0.202669,-0.057482257397461156,Cl8 Sr2
wbm-4-2392,0.126792,0.08616961568196632,Al2 Bi2 Nd2
wbm-3-23101,-0.036835,-0.10313664040798726,Eu1 F6 Na2
wbm-4-36702,0.014095,0.030350514851888364,Bi2 Pt6 Sn4
wbm-2-11202,0.091363,0.10005323803710908,Cd1 Co4 Th1
wbm-1-60367,-0.015963,-0.060253516937255835,Ac1 Tl1 Zn2
wbm-1-25860,0.16744,0.16322855522460952,Cu1 Li1 O6 Zr2
wbm-3-57773,0.053692,0.051827135546874604,Ho1 Os2 P2
wbm-3-25454,0.096809,0.07232165144856814,Dy1 Fe4 Zn1
wbm-4-25855,0.0499,0.10690074742542505,Hf2 La2 O5 Te2
wbm-1-17298,0.017506,0.0072736632191056985,Fe4 Ge4 Hf3
wbm-1-56557,-0.026008,0.04224776142578099,In2 Ir4 Sr4
wbm-3-66224,0.024259,-0.02619029594726577,Br2 Sc2 Sn1
wbm-3-15670,-0.01287,-0.03108433272298145,Co2 Ge7 Y3
wbm-1-60352,0.135849,0.133388208908081,Sr1 Tl1 Zn2
wbm-3-75145,0.223821,0.0926553492838536,Sb6 Ti6
wbm-3-64494,0.173063,0.04266596339925169,Cd2 K2 S6 Zr2
wbm-2-31069,0.456748,0.3503315437927242,Ag1 Nb2 Rh1
wbm-3-10817,0.052647,0.14268151568603538,C2 Mn1 Np1
wbm-3-57218,0.416429,0.28630965051269547,Cd2 Nd2 O2 S2
wbm-2-49476,0.224596,0.15878013045987266,Ir6 Sb4 Sr1
wbm-3-3137,0.071616,-0.02037974404907196,Al5 Ru2 Th1
wbm-1-16983,0.240769,0.1542352384440103,Fe4 Os2
wbm-3-30459,0.0888,0.16205298398437495,Ge6 Np2 Pd2
wbm-3-33370,0.519557,0.4556640342000329,H1 In1 S1
wbm-3-26181,0.127351,0.11226992236328126,Fe2 Ga2 Hf2
wbm-3-77069,0.162511,0.010931844726562417,Gd1 Sn1 Zn2
wbm-2-20325,0.180349,0.06146078912353517,Cd1 Er2 Ge1
wbm-1-24534,0.369847,0.3916205832824699,Al1 Li1 Os2
wbm-5-267,-0.001513,-0.12043841872558621,Al2 Rb1 Sb2
wbm-3-6705,0.211004,0.06864717203776008,As1 Rh1 Sm1
wbm-2-1534,0.015766,0.03576451835493616,Al3 S8
wbm-1-13759,-0.013885,-0.012861323038737235,Cu2 Ga2 Hf2
wbm-5-9087,0.200676,0.008916326477049458,Dy1 Ge2 Th1
wbm-3-49745,0.652513,0.5953005622558606,Ni1 Pb1 Sm2
wbm-4-2449,0.003524,-0.002916516316731704,Al4 Ho4 Ni4
wbm-3-34550,0.16233,-0.01185974857584618,In2 Np2 Pt2
wbm-2-45744,0.023052,-0.04817463382975247,K2 Pt6 Si4
wbm-1-4213,0.506214,0.43547827398681627,B16 C8 V8
wbm-4-21325,0.38094,0.43037249316406195,Bi2 Gd2 Mn2
wbm-5-18984,0.212473,0.18613718747287358,Ge2 In3 Re1 Sc3
wbm-3-76649,0.015515,0.0026366284667969624,Cd2 Tm4 Zn4
wbm-1-54233,0.026746,0.022922237695311827,Pd2 Si6 Y2
wbm-2-36334,0.079142,0.10217174391867885,Cr2 O7 Tm2
wbm-2-29431,0.2183,0.19380309570312376,Cd2 N2 Ta6
wbm-1-4854,-0.043119,-0.08762039213867176,B1 C2 Y2
wbm-1-20503,0.217877,0.1775217794433594,Cs2 Ga2 H6
wbm-3-3754,-0.013157,0.11261067525809118,Al1 Cl3 Nd3
wbm-3-76851,0.02272,0.0024993178710939583,La2 Tl1 Zn2
wbm-2-31803,0.093867,0.04209171645100904,Lu2 Ni4 Te6
wbm-1-17594,-0.012141,0.031663985717773804,Fe2 Ge4 La2
wbm-1-56855,-0.004542,0.0003078046332462463,In3 Rh3 Sr3
wbm-3-43559,-0.050387,-0.058121084472657444,N2 Nd1 U1
wbm-4-30810,0.009003,-0.04885378910319026,Er2 Pt2 Rb2 Te6
wbm-1-28770,0.121762,0.06651839245605425,Mg1 Re1 Ti2
wbm-2-20510,0.086994,0.08738132975260447,Ge1 Lu2 Pt3
wbm-3-15564,0.053747,-0.01953825911458311,Co4 Ga6 U2
wbm-2-51883,0.031473,-0.008775171006944554,Bi2 Er6 Zn1
wbm-4-22197,-0.003923,0.042941005432126984,N2 Pa1 Th1
wbm-4-26644,0.035805,-0.11218687192382845,Fe1 Nb1 O6 Yb2
wbm-2-21070,0.387694,0.3293750704956056,Co1 H2 K2
wbm-3-2293,-0.025539,-0.02158291973876949,Al6 Pt2 Sr4
wbm-2-12712,0.665062,0.5198287626953129,Cr3 La3 Tl3
wbm-2-16709,0.170809,0.21473713346354173,Cu3 Fe2 La1
wbm-2-8296,0.004605,0.00170660522461011,C1 Co2 Si2 Tm2
wbm-2-29445,0.013839,0.016330821289063668,Cl6 N2 Np4
wbm-5-15746,0.266398,0.5099781051757821,Hf3 O1 Tl1
wbm-4-16479,0.746431,0.4767109953308092,H2 Ho2 I2 O2
wbm-2-19362,0.13353,0.11077424825032586,Au2 Gd2 Pb2
wbm-4-31685,0.26147,0.18412012202148426,Hf2 In1 Ru2
wbm-4-5727,-0.014386,-0.024830215155707425,Ca3 Cd3 Hg3
wbm-4-18893,0.127995,0.08600717153930684,Cu2 Mg4 Sn2
wbm-3-78395,0.017578,0.07789228901367234,Eu2 Ru2 Zn1
wbm-5-5214,0.286977,0.395723860900879,Bi1 Cr1 Hg2
wbm-2-17346,0.181243,0.18238286550903354,Ag1 Fe1 Ho2
wbm-1-40648,0.235611,0.11555117785644484,Fe2 O8 Se2
wbm-4-36959,-0.021533,0.0018143449401850885,Nd4 Sn4
wbm-1-53759,0.056444,0.14370146720377597,Np1 Ru3 Si2
wbm-1-30843,0.281225,0.308748926904297,Ho2 N6 Os2
wbm-3-77139,0.006772,0.014537532633463579,Tm2 Zn4
wbm-3-8495,0.201816,0.23870124205433263,B4 Rh5 Ti2
wbm-4-14732,0.14736,0.006458428577770403,Ge6 Re4 Th1
wbm-4-12938,0.009337,-0.019958916158039505,Au3 Ba1 Ga2
wbm-1-29097,0.114266,-0.030032661987305004,Mn2 Mo1 Os1
wbm-1-44172,0.001106,0.0029148708902994635,As4 F4 O4
wbm-2-24219,0.002287,0.01212266632080013,Cr1 Li1 Te2
wbm-3-49585,0.208965,0.025307915242512885,Ni1 Np3 Ru2
wbm-1-28457,-0.021277,0.0023540144042969897,Er3 Mg1 Ru2
wbm-3-26832,0.12527,0.1689200956115724,Fe2 Ru4 Sn2
wbm-5-10347,1.367433,0.016260327799479057,In3 Ir1 Sn2 Th3
wbm-1-23872,0.041195,0.046485713439941366,Cu1 Li2 O4 Sc1
wbm-4-22465,0.015608,-0.04131797172851488,Dy3 N1 Pb1
wbm-2-34203,-0.040387,-0.04280237316894513,Cs2 Dy2 O6 Pd2
wbm-4-11663,0.425,0.25948545782470783,Fe4 In2 Sn2
wbm-4-6233,0.006724,0.009226155558268272,Cd4 Dy8
wbm-3-44130,0.043937,0.05121309082031222,Gd2 N6 Pt2
wbm-3-69356,0.082048,-0.015565692382812704,Ru1 Si2 Zr6
wbm-1-17107,0.284882,0.33270360845947206,Fe2 Nb1 Y1
wbm-3-25041,0.060309,0.0624996930338543,Ba2 Fe6 Ge4
wbm-1-28897,0.248775,0.17208604954528808,Mg1 Sb1 Zn2
wbm-2-15479,0.01928,0.00036290473632786396,Cs3 F6 Nd1
wbm-1-35100,0.028921,0.04122960818142393,La3 Ni4 Sn2
wbm-5-18827,0.019646,0.038105739461262556,Er4 Sb2
wbm-2-32874,0.154854,0.08439373934936495,Ni1 Rb1 Te2
wbm-1-50303,0.143654,0.13450393652343778,S6 Tl2 Zn3
wbm-3-69811,0.079348,0.061455081764914515,Ca3 Cd4 Si4
wbm-1-34365,0.002887,-0.005416715018135843,Cu1 Ni2 Sn4
wbm-2-40908,0.067853,0.009237028917100765,Hf1 Rh8
wbm-2-46899,0.083936,0.040809299926757955,Ag1 Si1 Sm2
wbm-3-43789,0.082434,0.141059492716472,N4 Th2
wbm-3-38030,0.077613,0.09136333068847653,I1 Mg2 P1
wbm-3-66681,0.108891,0.005421249776204215,Br4 Pb1 Sc1
wbm-3-48163,0.016542,0.02149227725219721,In2 Ni4 Zr2
wbm-1-40948,0.025298,0.04930047329711913,Mn1 Na3 O4
wbm-1-7403,-0.155643,-0.12804219160156285,C1 I5 Sm4
wbm-2-39220,0.431963,0.31790661804199194,P4 S4 Zn4
wbm-3-398,0.186404,0.1565496071166996,Ag1 Pb1 Pt2
wbm-3-8727,0.155751,0.22634185177951374,B6 Np1 Pt2
wbm-3-41404,0.215167,0.17632865200195313,As2 Mn1 Pd2
wbm-1-30150,0.478646,0.4518777233886718,Er2 Ir1 Mo1
wbm-1-2764,0.035389,0.040167529846191756,Al2 Si4 Sm2
wbm-3-73320,0.180195,0.4137767070922843,Pt1 Pu2 Sn1
wbm-3-55760,-0.018834,-0.011016703613281092,K2 Nb2 O7 Pr1
wbm-2-48764,0.113783,0.05130124125532645,Pr1 Pt4 Sn6
wbm-2-49787,-0.066867,-0.07075833541870112,Cs1 Sm1 Te2
wbm-4-26963,0.182723,0.17086095537109428,Ba2 Mg1 O6 Y1
wbm-2-49087,0.049608,0.051820629913330044,Ag1 Au1 Sr2
wbm-4-34522,0.065898,0.07147430400390674,Br2 Pu2 Se1
wbm-3-63589,0.254104,0.2830711904296871,Dy6 Pt1 S2
wbm-1-56889,0.251208,0.11814950724283857,Sb2 Sr2 Te2
wbm-2-18210,0.320107,0.2016692483452693,Fe3 Sn3 Tb3
wbm-4-3245,0.19037,0.14912619386291523,Ag2 As1 Tl1
wbm-3-74434,0.202238,0.19400517233276346,Au1 Fe1 Ti2
wbm-4-3888,-0.04991,-0.027303983265270275,B2 O6 Pt1 Yb2
wbm-1-2280,-0.067396,0.013386173868815479,Al1 Mn2
wbm-2-4859,0.018266,0.02614607993164114,B4 Er2 Os4
wbm-5-5623,0.058204,0.10503203198242081,Cu4 Pa2 Tl2
wbm-3-76382,0.059301,0.048153779638672574,Rh4 Sn4 Y2
wbm-2-48756,0.105807,0.035263008256392156,Lu1 Os4 Sn6
wbm-2-8794,-0.012041,-0.01164168827819759,Au2 Ca2 Cd4
wbm-1-56893,-0.059091,-0.04633250553894052,Hg2 Sm1 Sr1
wbm-3-49920,0.083791,0.06480984657796213,Ho2 Ni2 Sr2 Te6
wbm-1-29202,1.031028,0.49615471163940406,Mn2 Pb1 Tl1
wbm-1-36443,0.067683,0.03560115582275386,As2 O4 Rb2
wbm-4-2084,0.065299,0.017837757351345296,Al1 Ce3 Ga3 Ge2
wbm-3-65751,0.603012,0.289498399698893,Au2 Pu2 Sb2
wbm-3-77226,0.099805,0.02061858085123633,Ge4 Sm2 Zn6
wbm-3-9920,0.111423,0.031744948893228986,Ba4 Ho4 Pb4
wbm-1-52670,0.158287,0.12034146850585897,Mo4 Se6
wbm-1-54354,-0.018026,-0.0027082977469312652,Ag1 Au5 Si1
wbm-1-54124,0.019422,0.04093629150390671,Gd2 Ni2 Si6
wbm-1-48015,0.107748,0.06702513671875025,In5 Rh5
wbm-3-54447,-0.279597,-0.32696007031249963,Ba2 Ni1 O6 Pa1
wbm-1-53059,-0.044759,-0.04991454520670547,Ag2 Rb2 Se2
wbm-4-36556,-0.061561,-0.11975684521484256,Ac1 Ce1 Sn2
wbm-3-42302,-0.043113,-0.06636509232584646,I2 Mn2 Th2
wbm-3-42417,-0.03196,0.019935090637207983,Mn1 Ni1 Pt2
wbm-5-2509,0.062958,0.06004293961588518,Al2 B1 Pt6
wbm-3-70613,0.001482,-0.022938924967447632,Cd4 Si4 Yb4
wbm-4-1608,0.11843,0.12464192593661232,Al5 Rb1 Sr5
wbm-3-19247,0.403049,0.472298839013672,Cd2 Cu4 Np4
wbm-1-2501,0.040998,0.016153675157334922,Al3 Pd3 Yb3
wbm-1-10757,0.063904,0.013472004727449957,Cl6 Ho1 Te4
wbm-3-54574,0.310089,0.408279302636719,O6 P1 Pr1 Sr2
wbm-1-12040,0.045944,0.041592338897704646,Co4 Sn4
wbm-1-61428,0.103331,0.18830660101318236,Ir1 Nb1 Zr2
wbm-1-59018,0.173378,0.08481344487304666,In2 Ni4 V4
wbm-4-1556,0.094349,0.006141823922293607,Al5 Au1 Ho1
wbm-2-16319,0.05565,-0.14614426425170898,F6 In1 Sr1
wbm-2-52387,0.106423,0.027471819519042665,Dy2 Sn1 Zn1
wbm-1-24259,-0.005582,0.027930444580078182,Dy1 Li3 P2
wbm-2-12333,0.067821,-0.007530309570311991,As1 Cr2 Te2
wbm-1-6226,0.014941,0.016044089233398524,Br3 Cs1 Pb1
wbm-3-5466,0.079258,0.05699139704241074,Al1 Pt2 Sn4
wbm-1-2756,0.213096,0.08789763589477567,Al4 Rh4 Si8
wbm-3-63320,0.057398,-0.037674744181314536,Np2 Ru2 Sn2
wbm-3-73977,0.110985,0.07072545729064939,Pb2 Sr1 Tl1
wbm-3-69244,0.158898,0.052226666229248125,Rh2 Si4 Ti2
wbm-2-46611,0.10944,0.11746823743785421,Ca3 Cu4 Si4
wbm-2-9949,0.357259,0.5137193092285147,Cd2 Os4 Yb4
wbm-2-5324,0.05136,0.061618414062499835,B2 Ho1 Ru2
wbm-3-50205,0.247475,0.188580103979492,Bi2 Br2 Dy2 O4
wbm-2-31347,0.145807,0.08501268334961007,Ce1 Ni2 Pb1
wbm-3-42901,-0.07268,0.0017585984700516782,Mn4 Sn4 U4
wbm-2-24150,0.031729,0.009489103912353351,Ce1 Li1 Pb2
wbm-3-19224,0.540739,0.5176164761352539,As1 Cu2 Sm1
wbm-2-19943,0.095089,0.013204827612304931,Ge6 La2 Lu2
wbm-4-24789,0.584097,0.5314142656656903,Ni1 Sm2
wbm-4-4815,-0.032493,-0.035825639053345244,Ba2 Bi1 Br1
wbm-4-1174,0.039759,-0.059168180989583194,Al3 Os1 Si2 Zr3
wbm-5-2192,0.151971,0.1581228116048186,B2 C1 Mg1 Ni2
wbm-3-40321,0.117103,0.10962210013834654,Ir2 Mg1 Zr3
wbm-2-26846,0.233667,0.10185079208374007,Mg1 Si1 Tm2
wbm-2-38417,0.083421,0.05343376371256517,Cu1 P1 Th1
wbm-2-13316,0.05197,0.0035489744873046652,Cu2 Sn1 Th1
wbm-2-32217,0.10075,0.11280458352050782,As4 Ni2 Sr4
wbm-1-32505,-0.014244,-0.024334659393310566,Cd2 Ge2 Na4
wbm-3-16445,-0.001312,-0.018689761052911612,Co4 Ge6 Nd1
wbm-3-39809,0.473462,0.4207562752859938,Co5 Mg1 S1
wbm-1-13408,0.397066,0.2226844271850575,Cu3 Pu1
wbm-1-61071,0.100306,0.11490437951660071,Nd1 Rh2 Zn1
wbm-2-30939,0.288281,0.2802204471571184,Ce3 Na3 Si3
wbm-2-33267,0.726441,0.743229038085938,Ag2 O4 Pu2
wbm-1-18810,0.030003,0.050880492126464505,Ga4 La4
wbm-3-43657,0.479531,0.44307181127929623,N4 Sc2 Ti2
wbm-3-34724,0.22106,0.43203029473877086,Bi1 Ir7
wbm-3-25091,0.031177,0.005592018880208095,Fe3 Ge2 Tm1
wbm-3-37506,0.060154,0.0003754155273433951,Eu1 Li1 Te2
wbm-2-8025,0.13096,0.12960698270670615,C2 I2 Np2
wbm-2-52714,-0.014132,-0.00025345434570308613,In2 Pd2 Zr2
wbm-4-33264,-0.008174,0.023013535319010084,Ho6 Re1 Sb2
wbm-3-32841,0.222553,0.07893776196289065,H6 Rh1 Tm2
wbm-3-78585,0.14341,0.0835547215332034,Eu1 Sn3 Zn1
wbm-4-37928,0.246569,0.09426413824462895,Au2 Pt1 Ti1
wbm-3-18644,0.06486,0.031552896013531645,Cr1 Ga5 Tm1
wbm-1-47067,0.006381,0.017461931762695202,Pd1 Pt3
wbm-1-59270,0.115998,0.0538677678527832,Cu2 V2
wbm-4-34030,0.06001,0.08207911080932717,Ir1 Ni2 Sc1
wbm-3-60193,0.044578,0.012285595133463827,La1 Pd1 Pt4
wbm-1-403,0.306573,0.22281573867797877,Ag1 Ho1 Te2
wbm-3-41,0.013914,0.016709352844238152,Ag2 Ba3 In7
wbm-2-46240,0.077661,0.051168760302734886,Hf4 Si4 Zn2
wbm-2-14649,2.198713,0.04907569219970709,Cu1 Ta2 Tc1
wbm-1-862,0.167646,0.17997816898600275,Al2 Ce1 Ru3
wbm-3-54886,-0.088389,-0.09173017109375009,Er1 Ir1 O6 Sr2
wbm-3-5182,0.199396,0.14056050699869835,Al1 Nd2 Sb3
wbm-4-20811,0.137997,0.1702252893066396,Hg1 Mn2 Y3
wbm-1-61098,0.31741,0.24543692858886718,Ru3 Zn1
wbm-5-9996,0.302641,0.295531137532552,H6 Sc2 Ti1
wbm-3-62660,0.18285,0.13466713781738254,Ru2 Sm1 Yb1
wbm-3-78226,0.030866,0.02900681821289022,Os2 Pr2 Zn1
wbm-4-35467,-0.015213,-0.02303495336914171,Au2 Np2 Si2
wbm-3-31879,0.294548,0.12792158695475314,Ge2 I2 Zr2
wbm-4-17132,-0.239634,-0.1289353454101564,In2 Pa4 Pt4
wbm-2-20533,-0.018302,-0.011073675618489778,Dy2 Ge2 Nb2
wbm-5-18340,0.0003,0.02677947033691267,Er3 Rh2 Ru1
wbm-3-5591,0.571179,0.8678951033935545,Al1 Lu1 Te1
wbm-3-42980,0.682188,0.5769588175455725,Gd1 Mn1 Te1
wbm-4-20757,-0.287642,-0.24607504647827133,Mn2 Pa3 Sn3
wbm-2-28143,0.05229,0.13038665181477854,Mn1 Ru2 Tm3
wbm-3-19438,0.079521,0.0285584558454242,Cu2 Er2 In3
wbm-4-24859,0.05785,0.05180207037353517,Ni1 Te2 Tl1
wbm-1-39296,0.166576,0.12706188110351574,In1 Nb1 O3
wbm-5-16621,-0.062413,-0.009709864318847301,P1 Se3 Tm4
wbm-2-18668,-0.039021,-0.025987042567662627,Ba2 Ga3 Rh2
wbm-3-34884,0.140564,0.11014728024292006,Ge1 K2 Ni1 Te4
wbm-3-63466,0.392725,0.22454438156127887,Ag2 S4 Th2
wbm-3-56132,0.098761,0.1060557681884763,Al1 Cs1 O8 Te2
wbm-4-17987,0.471581,0.4271748925292963,Li2 N2 Zn1
wbm-1-48272,0.094785,0.09155819219970783,Ru2 Sm1 Ta1
wbm-5-3989,0.008533,0.0046189271240233715,Cd1 Pt5
wbm-1-50881,0.247173,0.23123629626464828,S2 V2
wbm-1-17873,0.15113,0.09909238626098715,Fe1 Rh3
wbm-2-9169,0.020548,0.016688445947265807,Ca1 Cs1 I3
wbm-2-14787,-0.026357,0.0274395251193574,Cu1 Te2 Zr6
wbm-4-31673,0.209739,0.15867546821732925,In4 Ru2 Tl5
wbm-5-3949,0.193113,0.22052474165852912,Cd1 Ir5
wbm-3-25147,0.054155,0.06663506335449267,Fe9 Nd3
wbm-1-14947,0.091823,0.06792333164062449,Eu1 F3 K1
wbm-5-6708,-0.00071,0.00790530902777785,F6 K2 Zr1
wbm-1-22589,0.015573,0.027598615451388916,I6 K2 Pt1
wbm-2-25592,0.058205,0.049795992498224466,Ce2 Ge3 Mg6
wbm-3-4562,0.053533,0.04196886442057268,Al4 In4 Th4
wbm-2-12075,0.008315,-0.08844138057454583,Ce1 Co1 Sb1
wbm-5-10108,0.678112,0.5946583336181641,H2 I4 Si2
wbm-2-49529,0.10449,0.0389255261230467,Er4 Sn4 Sr4
wbm-3-9431,0.392031,0.31422026904296874,Au2 B2 Dy2 N2
wbm-3-44281,0.072714,0.0997179590332033,N6 Ni2 Tm2
wbm-2-26538,0.160759,0.08851777519531204,Br2 Mg2 P2 S4
wbm-1-19883,0.13227,0.10716980908203105,Ge2 Pd4
wbm-2-341,0.608852,0.5272674705047613,Ag1 Cs1 Te2
wbm-3-75574,0.249707,0.176030815307617,Ag2 Sb4 V2
wbm-3-41372,0.15388,0.162641187927246,Ag1 Dy2 Mn1
wbm-3-43850,0.236381,0.22446494477538997,N4 Se2 V4
wbm-2-34134,0.09629,0.06072444767252595,Na2 O3 Sm1
wbm-4-39323,-0.012654,-0.003862165578206291,Ag2 Pr1 Zn3
wbm-1-23510,0.028261,-0.05809960758463548,F6 Li2 Sc1
wbm-4-17583,0.256181,0.2422040636291498,Ba2 K2 Pd4
wbm-1-21230,-0.105998,-0.05116402683512418,H1 N1 Yb1
wbm-3-22070,0.013661,0.005881359802246321,Cu2 F8 Tl2
wbm-3-8056,0.066202,0.030136476855469288,B4 Dy2 Rh4
wbm-1-4162,0.281824,0.22444654033203307,B2 Cr2 In1
wbm-2-30280,0.129782,0.1520811411946616,Na3 P2 Sm1
wbm-2-9668,0.061847,0.04584178152465836,Cd2 Ce1 In1
wbm-3-26912,-0.034927,-0.041748849344889274,Cs2 Fe2 Se6 Tm2
wbm-4-34575,0.098847,0.07685865529378232,Pd4 Se4 Tl4
wbm-3-74694,0.392461,0.3001209095458988,Cd1 Pt4 Ti1
wbm-4-26621,0.069461,0.05822980502929731,Ba2 Cu1 Fe1 O6
wbm-3-56880,0.07739,0.07553175842285091,Br2 F2 Ge4 O2
wbm-3-63036,0.055692,0.03472794956461562,In8 Ru2 Tm2
wbm-3-33651,0.034013,0.20488736645507827,I6 Np2
wbm-1-59860,0.048152,0.023623056620280053,In4 Y2
wbm-4-2648,0.262899,0.1939726103108722,Al4 Pr4 Sb4
wbm-4-29465,0.411541,0.4248251431477868,Ni4 P4 Sm4
wbm-3-2835,0.130518,-0.010146977416992248,Al8 Gd2 Zn2
wbm-4-1296,0.026248,0.01015015437825529,Al6 Gd4 Zn2
wbm-3-43340,0.034026,0.005158305948893105,Ho7 In3 N2
wbm-4-5253,0.679113,0.590497239013671,C2 Eu4 Sb2
wbm-3-55119,0.006115,0.010447535058593211,O6 Sr2 Ta1 Tm1
wbm-2-45005,0.131668,0.10866439294433572,Hg2 Rb2 Se6 Yb2
wbm-2-41759,-0.096822,-0.18667762689209028,Ac2 Ir1 Ru1
wbm-3-78161,0.210037,0.005772338134765853,Np2 Pd2 Zn1
wbm-1-38719,0.011567,0.006030870605468258,Cu2 F2 O6 V2
wbm-3-63247,0.043253,-0.04053809326171898,Np2 Ru2 Sn4
wbm-5-2228,0.428164,0.3706802404581708,B2 Pa1 Zn3
wbm-1-5703,0.060441,-0.027614300537110524,Be2 Rh1 Ru1
wbm-3-6093,0.068638,0.06553917103407117,As2 Er6 Ru1
wbm-1-45259,0.202831,0.17165845693359308,P2 Pt2 Y1
wbm-2-544,0.007825,0.021704585062662513,Al2 Cu3 Pr1
wbm-1-11510,0.239655,0.23566273155212386,Cd2 Co1 Pt1
wbm-2-3385,0.23045,0.20477933825683614,Al4 Pd4 Si4
wbm-3-13926,0.030363,-0.0001640418823237455,Cd2 Dy2 In1
wbm-2-14645,-1e-05,-0.009033658311632099,Cu3 Tb3 Tl3
wbm-2-40378,0.511761,0.40697502968343074,In2 Rb4 Rh6
wbm-5-3439,0.207886,0.09175003815569124,C1 Ho2 Sn2 Zn2
wbm-2-3918,0.065459,-0.03823087084961034,As6 La2
wbm-3-27708,0.435097,0.6369587363823789,Ga2 Pu6 Rh1
wbm-3-29846,0.046995,0.038197232584634914,Ge4 Nd2 Pt6
wbm-3-63692,0.192825,0.17726822707790776,Ir1 La6 S2
wbm-1-26315,0.036697,0.02520367115783697,Li2 Sb2 Te4
wbm-2-5121,0.12519,-0.03666854962713054,B2 Ba2 O6 Tb1
wbm-2-7951,0.047634,0.03433456191406275,C1 Ga1 La3
wbm-5-3525,0.020721,0.03228447060546848,Au2 Ca2 Sn1
wbm-2-37270,0.160888,0.15357881951904337,As2 Ho2 Mg2 O2
wbm-2-13464,0.206939,0.16737120019531243,Cu6 In2 Rb4
wbm-1-33081,0.029939,0.05924313064575177,Co1 Na1 Se2
wbm-4-252,0.237953,0.22443155197753886,Al2 As1 Br2
wbm-1-38611,-0.045345,-0.07522705932617216,Au4 Dy4 O12
wbm-2-29405,0.379561,0.19502277941894502,Br2 N2 Ta2
wbm-3-13148,0.098405,0.09403317338867191,Ca2 Ga4 Ru4
wbm-2-17720,0.125353,0.14101810161132866,Fe2 Ge4 Th4
wbm-4-22484,0.048467,0.048409082910155964,Ce6 F1 N1 Tl2
wbm-3-70987,0.507969,0.6238361637776697,Ba4 Fe6 Si2
wbm-1-33120,-0.00638,-0.00933532253011055,Cu2 Na2 Te2
wbm-3-70236,0.077335,0.03630527605646329,Ca1 Co4 Si6
wbm-3-47412,0.12692,0.10778928826904263,Ce2 Ni4 Pt2
wbm-3-13400,0.351057,0.2584333344930015,Ca4 Mn4 Zn4
wbm-3-55974,0.147637,0.1324559401189633,Nb1 O7 Si2 Tm1
wbm-3-56696,0.190681,0.041568252755301516,Cl4 O1 Tl1 Zr1
wbm-3-34329,0.012896,-0.0029703827209473423,Dy6 In2
wbm-1-45257,0.061285,0.06439966113281256,Os2 P2 Y1
wbm-3-4987,0.203453,0.10886225394693994,Al4 Pt8
wbm-5-11520,0.046157,-0.03594649401855499,Lu6 Pt2
wbm-4-29214,0.262594,0.1398536291503909,Cu4 P4 Tb4
wbm-1-17166,0.152381,0.10326474999999913,Co1 Fe3
wbm-1-52713,-0.038834,-0.03702728039550759,Hg2 Rb2 Se6 Y2
wbm-2-14492,0.009265,-0.04754588319905569,Cu2 Lu2 Rb2 Se6
wbm-1-25535,-0.01309,-0.009134605997721432,Li2 Na4 Pt6
wbm-3-2739,0.058691,-0.009331203396267078,Al4 Ge2 Sc3
wbm-3-46944,0.075813,0.044281249191284164,Na1 Pb2 Tl1
wbm-1-4161,0.113436,0.0672521914550784,B2 Cr2 Ga1
wbm-1-51375,0.041158,0.01973905524902328,Ga4 Sc6
wbm-2-4935,-0.039068,0.05315949106445316,B2 Co2 Dy3 N3
wbm-2-28491,0.02526,0.06547584069824158,Eu1 Ho1 N2
wbm-3-16124,0.056848,0.06596766833495904,Co2 Gd1 Y1
wbm-1-31112,0.518839,0.4647184895996093,N6 Os2 U2
wbm-3-26134,0.02905,0.032018112548828116,Fe2 Ga6 Lu4
wbm-3-40869,0.522408,0.38725523645019555,Mn2 Sb1 Yb1
wbm-3-27460,0.060733,0.038685978922525975,Ce4 Ga8
wbm-5-15860,0.338555,0.2275345792100696,Os1 Pb2 U6
wbm-2-20248,0.214506,0.26815033123779364,Ag1 Er1 Ge1
wbm-1-37626,0.252368,0.23229341098022466,Cd2 O4 Rh2
wbm-2-31942,0.102509,0.13787452437337194,Ge1 Nd2 Ni3
wbm-3-35360,-0.039333,-0.06015951506347655,Ge2 K2 Te6
wbm-5-3424,0.131778,0.17656023175048868,C2 Np4 Te2
wbm-3-34354,0.41564,0.346351130187988,Er2 In2 Os4
wbm-3-44555,0.091276,0.1084251613103698,Ca3 Cr2 N6
wbm-4-8278,0.279684,0.2417114223632819,Co2 Cr2 Ga1
wbm-3-65727,-0.027316,-0.042875190979004156,Sb8 Tm4
wbm-3-1964,0.148863,0.10178447602539079,Al3 Pd2
wbm-3-29646,0.096118,0.07408184130859337,Cd2 Ge4 La2
wbm-2-47258,-0.005051,-0.010768343310547518,Dy4 Ir4 Si2
wbm-1-29198,0.728545,0.5146444502563479,Mn2 Tc1 Tl1
wbm-3-37145,-0.009757,0.012273112467447793,As2 Li1 Ni2 Tb1
wbm-4-17578,0.019913,-0.020553480977376706,Ho2 K2 Ni2 Te6
wbm-3-47291,0.098294,0.019210776977540756,Nd3 Os9
wbm-4-39399,0.336484,0.30372258845520017,As1 Se3 Zn4
wbm-4-12326,0.224416,0.16496139318847694,Ce2 Fe2 Os2
wbm-2-28916,-0.000239,-0.015188165869140301,Mn2 N6 Pr2
wbm-2-34514,0.174416,0.16083004028320333,Cd3 La1 O4
wbm-3-23441,0.000165,-0.2139811767306856,Cs2 F6 Sc1
wbm-3-35329,0.046549,0.0006608389892577768,Au6 Ge4 K2
wbm-2-291,-0.018638,3.096813964835812e-05,Ag2 Sb2 Yb2
wbm-4-26892,0.084231,0.08791227216796799,Mg1 Mo1 O6 Tm2
wbm-3-43116,0.149533,0.1255899118652347,Mn2 Sb2 Zr4
wbm-2-52444,0.030171,0.027445484939575156,Au2 Tb1 Zn1
wbm-1-38559,0.001784,0.01095104697265658,Cu4 La4 O12
wbm-4-3210,0.106692,0.0699583267517092,As4 Rh2 Y2
wbm-3-49036,0.410779,0.5163783038024905,Ga1 Ni1 Os2
wbm-4-9915,0.107601,0.14735298917643277,Cu1 Os2 Y3
wbm-1-19938,0.004065,0.01950832435302742,Ge4 I12 Rb4
wbm-3-61384,0.095178,0.07546819851684573,Rh2 Sm3 Sn3
wbm-3-12279,0.783327,0.5839046368164064,C1 Nd1 Zn3
wbm-5-4572,0.321201,0.24462812152099617,Ba1 Co3 Cu2
wbm-2-4312,-0.05299,-0.06305330526733408,As4 Cd4 Rb4
wbm-3-2553,0.028768,-0.022364048448351177,Al4 Ge2 Sm3
wbm-1-27489,0.250768,0.18990757627650695,As1 Ir5 Mg1
wbm-3-63886,0.949065,1.1008845687255864,Os1 S2 Zn1
wbm-3-54170,0.030029,0.02770606674804657,Ba2 Gd1 Mn1 O6
wbm-2-27172,0.009866,0.0463023310546878,Fe1 Mn2 Se4
wbm-3-6006,0.083222,0.028310556732177847,As4 Pd2 Tb2
wbm-3-9904,0.180109,0.08360655246988949,Ba2 Bi4
wbm-1-20434,0.012789,0.007793218334960999,H4 I2 Na2 O2
wbm-2-27647,0.074862,0.26969474609374966,Ce2 Mn2 Pb2
wbm-3-11213,0.185808,0.1169981809692387,C4 Fe1 Sc3
wbm-1-21149,-0.025957,-0.040210924652099404,Ba1 Ge1 H1 In1
wbm-1-5837,0.073006,0.15979615026855465,Be2 Co6
wbm-3-46132,0.042236,0.03385905720214761,Br6 La1 Na1 Rb2
wbm-4-7469,0.230173,0.22609541315252102,Ba3 Co4 In4
wbm-2-27381,0.561877,0.6011256496582034,Ac1 Mn2 Zn1
wbm-5-12648,-0.048438,-0.0633355781046552,Mg2 Sm2 Sn2
wbm-3-48588,0.029577,0.005944303602430846,Ni8 U1
wbm-1-60925,0.029919,0.1000162621154774,Ir3 Zn1
wbm-1-44898,0.173187,0.10963599799804694,Ca1 Hg2 P2
wbm-1-50669,-0.39857,-0.4170396736602783,I4 S4
wbm-1-41678,0.11501,0.11255524100748654,Ba3 Cl2 Ga2 O5
wbm-3-58684,0.248594,0.2124801630316834,Gd3 Os3 P3
wbm-4-22379,0.615784,0.43537971413352444,Fe2 N6 V3
wbm-2-37286,0.225253,0.2405934776306152,Eu2 Mg2 O2 S2
wbm-3-40741,0.130755,0.06037856608886695,Cd2 Mn4 Ni4
wbm-5-1512,0.044,0.03726254716796713,Al1 Nb2 Ni2
wbm-3-62866,0.191478,0.08798115928819504,Ru8 Yb1
wbm-1-38871,0.180346,0.1802434023437497,In2 La2 O6
wbm-2-26024,0.424821,0.4528931775817874,Ac2 Fe1 Mg1
wbm-2-49125,0.363964,0.3004118844970705,Ru4 Sn2 Sr4
wbm-1-15939,-0.003093,-0.0010396710449216292,F6 K1 Rb2 Ti1
wbm-3-6200,0.453981,0.18286708007812508,As6 Os4
wbm-3-47264,0.030094,0.024651288126627525,Au5 Nd1
wbm-2-40658,0.012118,0.017022413312639244,In3 Rh2 Yb2
wbm-2-43825,0.156009,0.16219414752197275,Co1 Ge1 Sc2
wbm-3-64079,0.070783,0.06386519128417951,Cr2 Cs2 Ni2 S6
wbm-1-55551,-0.02819,0.007986937408447074,S3 Si1 Th4
wbm-3-78638,-0.106938,-0.1109743570556643,Pt2 Sr2 Zn1
wbm-3-46675,-0.055476,-0.07131761303710951,Cd1 Cs1 Na1 S2
wbm-3-50022,0.242289,0.20643657965087894,Ni2 U2
wbm-3-71641,0.068732,0.04901035146484388,Pd4 Si2 Th4
wbm-3-20208,0.002191,-0.02382642268880139,Cu4 Zn1 Zr1
wbm-1-29066,0.07323,0.1080326815795901,Ge1 Mn2 Nb1
wbm-1-765,0.645296,0.30875197290039036,Al4 Mn2
wbm-3-48419,0.039769,0.1094298817138677,Hf1 Hg1 Ni4
wbm-5-21612,0.175725,0.09015646478949682,Ga3 Ge2 Os1 Ti3
wbm-4-34706,0.339483,0.2781373343749999,Cr1 Pd2 Si2
wbm-2-36120,0.1035,0.060144174902343986,O6 Sr2 Tm1 W1
wbm-3-43248,0.015412,0.0528181541748052,Er1 N2 Pu1
wbm-2-20011,-0.04126,-0.03623162729492172,Gd1 Ge3 Rh1
wbm-1-27738,0.038779,0.014804874343871892,Cu2 In1 Mg1
wbm-3-14179,0.280091,0.2334404921603736,Cd3 In3 U3
wbm-2-29827,0.032475,0.01822869877929697,N1 O1 Pr6 Sn2
wbm-1-12582,0.621666,0.4369633151550303,Cr1 Cu1
wbm-1-43446,0.128233,0.13871797660688953,O7 Sn2 Y2
wbm-4-29039,-0.03473,-0.11515217789713568,Cd2 Cs2 P2
wbm-3-2144,-0.055424,0.29796786002604114,Al3 Fe1 Pu3 Si2
wbm-4-11707,0.451042,0.42689859736328123,Fe2 Ni1 Sm2
wbm-3-31572,0.146972,0.0853668229980481,Er2 Ge1 Ru1
wbm-1-17516,0.154829,0.20573709707641596,Cu6 Fe2
wbm-1-30205,0.227779,0.24734172918701175,Mo1 Tb1 Tc2
wbm-2-13875,0.024097,0.018362173309325956,Cd4 Cu2 Tm2
wbm-4-23736,0.202159,0.18526862886556,Cd3 Ni2 Tm1
wbm-3-39452,0.157675,0.14409336785888693,Mg1 Pa2 Pb1
wbm-4-14476,0.066607,0.045529490044487725,Ba3 Ge2 In3 Pd1
wbm-2-41382,0.113489,-0.024488485229492707,Pb1 Rh1 Tm1
wbm-2-34276,-0.004977,-0.011967606608072712,Ho2 O6 Pd2 Rb2
wbm-3-39287,0.040695,0.01837317609863314,Lu4 Mg2 Tl4
wbm-4-25152,0.522306,0.49332260229492253,Ge2 O6 Tm2
wbm-5-8124,0.265647,0.3093248836669918,Fe1 Ir2 Pr1
wbm-5-4274,0.066081,0.07079856835937498,Cl2 Ru2 Tb2
wbm-3-7727,0.283266,-0.005120933837890307,B2 Ni3 Pu1
wbm-4-3311,0.127296,0.08508605861409471,As2 In2 Sm2
wbm-4-4388,0.313813,0.2937542950683596,Au3 B1 In1
wbm-3-33599,-0.054939,-0.023614872851562094,I2 Nd2 Pb1
wbm-4-32142,0.402234,0.27264286718750064,Np6 Ru1 Sn2
wbm-3-16237,0.097421,0.09710615075683583,Co6 Ge4 Sm2
wbm-4-23312,-0.089886,-0.14424810172526045,Na2 Pd2 Se6 U2
wbm-3-41110,0.067262,0.04445471484375031,Ge4 Mn6 Nd2
wbm-4-33754,0.077503,0.028181854777018192,As1 Pd1 Sc1
wbm-3-35504,0.566797,0.5290403091362844,K3 Pd3 Pr3
wbm-1-50298,-0.021296,-0.035832596044921075,Rh1 S6 Ti3
wbm-1-58641,0.132986,0.17591182287597568,Ru2 Tb1 Ti1
wbm-5-5954,0.021426,-0.032591833279079885,Cu1 Tb6 Tl2
wbm-5-11035,0.180096,0.09811117781575487,As2 Li1 Rh2 Ta1
wbm-4-31897,-0.014922,-0.018736932666016066,Ru2 Th2 Tl1
wbm-1-38327,0.049288,0.048181300000000205,Ca2 O6 Se2
wbm-1-56259,0.166016,0.13063069537908395,Ba5 Sn6
wbm-5-3492,0.066066,0.14486961525879,Ca2 Ir2 Pt1
wbm-3-31839,0.026842,0.05372043234252974,Ge2 Pd4 Y2
wbm-3-15349,-0.025504,-0.03850763081868516,Cl2 Dy2 Se2
wbm-3-15026,0.094667,0.03886463681640623,Cl6 Cs2 Ga1 Pb1
wbm-3-13618,0.067751,0.03609330685424761,Ca2 Ir2 Sb4
wbm-5-21761,-0.013223,0.011572714111328415,Ga1 Ir1 Rh1 Ti1
wbm-1-41891,-0.03541,-0.047251069173177396,Cs2 O5 Ti2
wbm-5-8206,0.257176,0.17669361710611992,Fe2 Re2 Sn2
wbm-1-35015,0.012252,-0.013730998071289397,Ni6 Yb4
wbm-1-54555,0.104174,0.13236566215820272,Co12 Ir4 Si4
wbm-3-51491,0.446005,0.3848544791015631,O6 Ta2 Tb2
wbm-1-48889,0.272886,0.18415140100097666,Fe2 Ga2 S4
wbm-2-28864,-0.020811,-0.014807010009765007,Fe2 N6 Yb2
wbm-1-51844,0.135808,0.13499821276855437,Cu2 Mn1 Sc1
wbm-2-50987,0.036286,-0.0016933083496089435,Ru2 Sn1 V1
wbm-2-22160,0.153436,0.21832010668945356,Hg1 U2
wbm-1-43624,0.12834,0.08083336705433186,Mo2 O8 U1
wbm-3-64839,0.350771,0.35998248605346644,As1 S3 V4
wbm-3-35851,0.018558,0.004213734802245888,K2 Nd2 Te6 Zn2
wbm-3-42993,0.172749,0.11508328015136768,Mn2 Th2
wbm-3-69908,0.016261,0.01270221222478721,Cu4 Ho3 Si4
wbm-2-50622,0.184055,0.056640921752929896,As2 Sb2 V4
wbm-1-18083,0.585227,0.5546908329010009,Fe2 Tl6
wbm-4-22060,0.442727,0.437386580493164,N2 Na2 Ni1
wbm-3-14839,-0.014445,0.021080208398437425,Cl6 Sc4
wbm-1-783,-0.014555,-0.024290466959635174,Al2 La3 Ni4
wbm-1-55736,-0.000284,0.01472444012451097,Si2 Tb2
wbm-1-26679,0.124772,0.05187802978515588,Li1 Os2 V1
wbm-3-16272,-0.00541,-0.011259920996093522,Co6 Ho4
wbm-2-18481,0.041397,-0.00952399383545001,Ga4 Pd2 U2
wbm-1-49621,0.106702,0.08880797560628266,Ga2 Pt4 S6
wbm-3-32075,0.3127,0.09290116267089815,Al2 H6 Hf2
wbm-3-31524,0.64317,0.6840957761535646,Ge1 Rh1 Tl2
wbm-2-45955,0.07469,0.06564895825195335,Pd2 Si4 U2
wbm-5-529,0.094614,0.14059470520019526,Al3 Mn2 Tm3
wbm-2-29233,0.053554,0.014319290527344493,Dy3 N6 Ta2
wbm-3-34944,0.352311,0.25771231749131956,K2 Os3 Se4
wbm-1-37784,-0.088507,-0.08506848410644496,I2 O4 Sb2 Sr2
wbm-2-14424,0.177784,0.11044386840820325,Cu2 Se4 Zr2
wbm-1-59541,-0.030394,0.00922741560872348,Sb4 V2
wbm-2-36944,-0.009868,-0.021386625366210957,As2 Cd2 Nd2 O2
wbm-4-20826,0.298038,0.3818023499755858,Dy1 Mn2 Zn1
wbm-3-25793,0.114006,0.1624214173339839,Br6 Fe2 Rb2
wbm-1-26473,0.106083,0.050246003967284805,Ho2 Li1 Si1
wbm-2-18761,-0.003467,-0.002696468226841666,Ga5 Ho1 Ir1
wbm-3-65898,0.156918,-0.05818433646647114,Au1 Ho1 Sb1
wbm-3-34093,0.127299,0.06916389068603496,In3 Nd3 Pt2
wbm-2-43641,0.057034,-0.04013785408528672,Ce1 Ir1 Sb1
wbm-4-7322,0.1755,0.1382693565673828,Au2 Ce1 Co3
wbm-2-25880,0.05132,0.06164449322509787,Cu4 Hf2 Mg2
wbm-3-34866,0.055804,0.04561755029296894,In2 K4 Pt6
wbm-1-22706,0.018725,0.02572909475707997,K3 Rb1
wbm-1-4941,0.20617,0.1279501996663404,B4 Cu4 Pd4
wbm-2-49488,-0.002079,-0.013318483291626052,Au2 Sn4 Sr2
wbm-2-14766,0.014026,0.00501760679117837,Cu4 Zn8
wbm-5-20530,0.61415,0.5341488187662757,As2 Ni2 Si2
wbm-3-11722,0.212728,0.14340386111886208,C1 Mg2 Si2 Tb2
wbm-2-43560,0.057778,0.05747648567708342,Ce6 Ir1 Sb2
wbm-3-16723,0.479616,0.40997087662760434,Ba8 Co4
wbm-5-4001,0.398667,0.37744306024848123,Cd3 Os3 Sn3
wbm-3-44508,0.421494,0.3293870850097663,N6 Tl2 W2
wbm-4-16344,0.06919,0.05558587353515643,Ce1 H8 Ni1 Zn2
wbm-3-32573,0.191293,0.04237293682861415,Ce2 H5 Ir1
wbm-2-35139,-0.022016,-0.03222998933105511,Hf1 Na4 O5
wbm-4-17656,0.571962,0.6003045435791002,K1 Pt2 Sc1
wbm-1-41238,0.355442,0.3387534821111506,O4 Se3 Yb4
wbm-5-15092,0.254829,0.17291175585937457,Ni2 Re2 Sn2
wbm-2-22441,0.004892,0.016215854711913884,In4 Te6
wbm-3-26596,0.078656,0.06024886320800804,Fe1 Ho2 Ni2
wbm-4-21530,0.071187,0.01791968424479081,Mn4 Np8
wbm-2-50210,0.109503,0.09269764439561622,Au3 Cd3 Ti3
wbm-1-13868,0.100071,0.10299138240559949,Cu2 Ge2 Zr2
wbm-1-6589,0.047318,0.014219765218098673,Br2 La2 Te2
wbm-3-3337,0.215853,0.04852143519422744,Al6 Bi2 Ru1
wbm-1-56898,-0.028044,0.003716364575195155,Ir4 Sn4 Sr2
wbm-5-11784,0.008965,0.013204093994140575,Br2 Mg2 S1
wbm-3-42230,0.223305,0.2502646988525391,Hf2 In4 Mn2
wbm-2-36864,-0.037693,-0.026532080078124597,Cs1 Ga1 O8 S2
wbm-3-47785,0.045137,0.03872378647461007,Hf2 In1 Ni2
wbm-1-9941,0.103596,0.08516874130859373,Cl3 Co1 Rb1
wbm-1-48261,0.439643,0.4135396098327637,Pr1 Ru2 Sb1
wbm-1-44512,0.528282,-0.06102005560302726,Fe2 O2 P2 Y2
wbm-1-27040,-0.009718,-0.024861377827962265,Mg4 Pd2
wbm-2-17874,0.266422,0.19374194699707056,Ba1 Fe1 In3
wbm-2-38178,-0.440262,-0.3995040994262696,Br1 P1 Yb2
wbm-1-41871,-0.012091,-0.05327981724964485,O5 Pu2 S2 Ti2
wbm-3-15006,0.023713,0.018466053358289786,Cl6 Cs2 Pb1
wbm-1-36576,0.725595,0.7053967455512153,Cl4 Cs2 Ho1 O2
wbm-2-33707,0.124878,0.043477771630859155,Au1 O2 Rb2
wbm-3-13658,0.112426,0.10845165107421914,Br4 Ca2 Se4
wbm-1-3317,0.009984,-0.03841937939453132,As4 Ba2 Rh2
wbm-3-74180,0.061948,0.06402016004774302,I6 Pt1 Te2
wbm-1-3424,0.204503,0.21402345153808608,As4 Pb3
wbm-2-33779,0.145004,0.14561437529296736,Er2 O2 S1
wbm-2-22763,0.006232,0.07254685210503424,In3 Np3 Pt3
wbm-3-39281,0.110301,0.06715251444498706,Ir2 La3 Mg1
wbm-4-37728,0.479074,0.2074903690795893,Cr7 Ti1
wbm-1-22531,0.130105,0.08007069346400617,Br4 K2 Rh1
wbm-3-76691,0.105841,0.10734541645812994,Eu1 Hg1 Zn2
wbm-5-2146,0.546243,0.537215859146118,As1 Hg2 Tm1
wbm-5-4062,0.24108,0.23499546261596718,Bi1 Ce1 Pb2
wbm-4-31944,0.264649,0.1698602640991208,Ru6 Th2
wbm-2-46868,0.040773,0.0412826092936192,Co2 Si7 Sm3
wbm-1-13818,0.001632,0.015764012939453655,Ba1 Cu1 Ge3
wbm-2-22222,0.074818,-0.05659955257161481,Ce4 I8
wbm-1-36197,0.080466,0.021391388793945212,Ni2 Y4
wbm-1-1086,0.457379,0.17353808834838835,Al2 Cd1 Zr1
wbm-4-35944,0.047507,-0.008220081665039257,Ho2 Ni4 Si2
wbm-4-34685,0.12337,0.43155614100477424,Co1 In3 Pu3 Si2
wbm-3-43425,0.275804,0.1895121918945319,Er1 Mn1 N2
wbm-2-35310,0.077553,0.11811721289062495,Ba2 Ir1 Np1 O6
wbm-3-37212,0.068354,0.10789556312144885,Eu1 F1 Li1 O6 Ta2
wbm-3-38014,0.062438,-0.05633703889160146,Mg2 P2 Y1
wbm-3-59900,0.05194,0.10231936429850254,In1 Pd4 Sm1
wbm-2-47790,0.045523,0.05888908795165972,Pd4 Si2 U2
wbm-1-27651,0.269075,0.26961029693603505,Co2 Mg1 Pb1
wbm-2-35721,0.126595,0.13971936459960954,Mg1 O6 Tm2 W1
wbm-2-42226,0.185089,0.16122903152126739,La6 Rh1 S2
wbm-2-39309,0.281023,0.21934397493489521,Os2 P2 Tm2
wbm-2-27574,0.23212,0.2089965962611598,As1 Ir5 Mn1
wbm-1-5820,-0.012787,0.01486868237304672,Au6 Be2
wbm-3-74551,-0.001779,0.00044245043945265465,Cr1 Se6 Ti3
wbm-4-380,0.154471,0.0487603296508787,Al4 Ga2 Th2
wbm-1-19535,0.38294,0.2648296338378906,Ge3 Pu1 Rh1
wbm-3-30938,0.079936,0.08367841654459583,Er2 Ge1 Pt3
wbm-2-39038,-0.016455,-0.07966718522135419,P4 Ru4 Yb4
wbm-1-56685,0.38067,0.3863833311767581,Ce3 Sr1
wbm-2-4333,0.177698,0.003756410563151208,As2 Rb2 Zr2
wbm-4-30711,0.53541,0.5442238450927737,Ag3 Pr3 Rb3
wbm-3-65586,0.067078,0.0920581039225257,Bi2 S2 Sm2
wbm-3-59251,0.19954,0.10886353621419181,P2 Sn2 Th2
wbm-3-15905,0.085094,0.10556018461914066,Co4 Hg2 Pr4
wbm-4-19584,0.242,0.3793524136962887,Fe2 Mg1 Np1
wbm-1-30166,-0.033368,-0.018858672241210316,Mo1 Pd4
wbm-5-18888,0.190396,0.19327487983398461,Cd1 Ir2 Sc2
wbm-3-44998,0.125551,0.166597114648438,F1 In2 N1 Sc6
wbm-4-2718,-0.009071,-0.1018630015869142,Al2 Cs2 Si2
wbm-1-29681,0.173659,0.11606674814860019,Hg5 Mn1
wbm-3-23674,0.446689,0.3054002439236111,Cs2 F6 V1
wbm-3-12174,0.293151,0.3012594760393415,C1 Pd2 Si2 Y2
wbm-3-4055,-0.009491,0.010459578277588172,Al1 Cu1 Pd2
wbm-3-71491,0.048156,0.05440666186523426,Ho2 Ni3 Si1
wbm-2-38652,0.268987,0.17339396079799108,Mn5 P1 Sn1
wbm-2-43902,0.0138,0.006479249291992249,Ni2 Sc2 Sn1
wbm-3-60071,-0.01367,-0.009791699096679691,Bi4 Eu2 Pd2
wbm-1-31452,0.196406,0.31783495157877695,Lu5 N5 O2
wbm-3-14238,0.157017,0.2026238000081385,Cd1 Os2 Pr3
wbm-4-8779,0.067444,0.08789647167968728,Cr1 Ho6 Sb2
wbm-1-33685,0.04545,0.015171863199869913,Na2 P2 Si2
wbm-1-33604,0.1191,0.1165072774353031,Au2 Na1 Sc1
wbm-3-47259,0.17763,0.11361331632486998,Au9 Nd3
wbm-5-20431,0.164792,0.1391168888346354,In1 Pt1 Si1
wbm-1-29265,0.276734,0.02080795141601638,Co1 Mn3
wbm-2-15311,0.014312,0.01553558886718743,Al1 Cs1 F6 Rb2
wbm-5-12863,0.400428,0.20143066485595829,Ho3 Mn2 Pb3
wbm-1-59324,0.250309,0.33933460205078114,Ge6 V2
wbm-2-18934,0.031315,0.01821266717529315,Cd1 Ga1 Tb2
wbm-3-64381,0.082951,0.039245294799804986,Cu2 K2 Nb2 S6
wbm-4-31421,0.200415,0.19785385021972646,Pt2 Rh1 Sb1
wbm-3-30034,0.060886,0.08715743544921895,Ge4 La4 Rh2
wbm-2-36676,-0.034099,-0.030001003295898505,In1 K1 O8 Se2
wbm-1-11038,0.29038,0.2650842078247077,Co2 Ga1 Pr1
wbm-3-22707,0.066096,0.051631053985596045,F6 Fe1 Th1
wbm-1-47525,0.120232,0.0697258518066407,Hg2 Rb1 Sr1
wbm-1-20812,0.056785,0.10183799381510442,C1 Cl3 H5 N2 Pb1
wbm-4-10271,-1.048408,-1.0569108053792322,F8 Na2 Pa2
wbm-1-4471,0.03929,0.01825508760579459,B2 Rh3 U1
wbm-2-15144,0.023703,0.018249354631696604,Cs2 F4 Fe1
wbm-4-31268,0.024918,0.012630920593260434,Bi4 Ho2 Rh2
wbm-5-7699,0.376794,0.496658688415527,Fe2 Pu1 Zr1
wbm-3-201,0.004683,-0.016327331451416065,Ag2 Cd4 Ce2
wbm-3-19689,0.007448,-0.008525890234374733,Cu2 Er2 Sn1
wbm-2-44210,0.058226,0.05743949338107668,Cu4 Sc1 Se4
wbm-2-31333,0.63899,0.645338006958008,Cd2 Ni4 Sm4
wbm-3-5423,0.20422,0.10350517142740939,Al2 Si2 Zr2
wbm-3-18400,0.466048,0.32986553735351604,Cr5 Sb1 Zn1
wbm-3-9166,0.460005,0.4568877538655596,B3 Fe6 In3
wbm-3-56410,0.062167,0.048794168497721474,Mn1 O8 P2 Rb1
wbm-3-16156,0.088152,0.07927357735188806,Co2 Nd3 Zn1
wbm-2-35542,-0.000608,0.003164470483398571,Cu1 O6 Ru1 Sr2
wbm-3-78200,0.242531,0.2556399889119469,Lu1 Pd4 Zn1
wbm-3-69844,0.129811,0.07195707899692944,Co2 Ni1 Si4
wbm-5-14464,0.104795,0.0029419026184081265,As1 Eu1 Ni2
wbm-4-31874,-0.034955,0.026891750122070915,Au1 Ru2 Tb3
wbm-3-29257,0.005344,-0.013383530110677293,Ga2 Pr2 Ru2
wbm-3-52731,0.262876,0.23847063028231485,Mn2 O5 Se2 Tb2
wbm-4-34060,0.024079,0.01180245248413007,Ni1 Rh2 Sc1
wbm-1-28159,0.058142,0.032750699076334516,Mg2 Mn2 Sn8
wbm-2-7939,0.132079,0.0745326989257831,C1 Er1 Fe3
wbm-4-14832,-0.032367,-0.010938984374999815,Br4 Ge1 Yb1
wbm-3-21283,-0.048842,-0.05390996693929102,Cu2 Ho2 Se6 Sr2
wbm-3-34306,0.077809,0.10227119342041012,Ba2 In2 Ir4
wbm-3-73641,0.010037,0.006732316238403573,Au2 Hg4 Sr2
wbm-1-23194,-0.058435,-0.08078647816975913,Cu2 K2 Se6 Ti2
wbm-1-36968,0.067145,0.052451998046874934,Fe1 O2 Yb1
wbm-3-18331,0.356998,0.3690112207336425,Cr3 In3 Ni2
wbm-1-29434,0.181045,0.08028863769531251,As8 Mn4
wbm-2-24912,0.104091,0.14286220328775995,Fe2 Li2 Si8
wbm-4-30070,0.000298,0.00591225872802701,Gd1 Pd2 Sn1
wbm-3-30929,0.014295,0.02375700813801923,Dy2 Ge2 Ta2
wbm-3-46824,0.401687,0.2823656599609382,Hf4 Na2 Si4
wbm-5-22107,0.200093,0.08846331060791016,Ge1 Pt2 V1
wbm-2-489,0.08818,0.032694989599608884,Al2 Co2 Th1
wbm-3-15832,0.041377,0.020864527384440168,Co2 Ho3 Ni1
wbm-3-54152,0.512699,0.4565141419433596,Mg1 O6 U2 W1
wbm-3-62927,0.106217,0.09654443831380188,Cd2 Ru2 Sn2
wbm-3-8575,0.225071,0.2970259833007818,B5 Cr3 Dy2
wbm-3-26233,0.191403,0.0781666183166505,Fe2 Ge4 Hf2
wbm-3-69398,0.138118,0.060473316284179485,Ca4 Ru2 Si6
wbm-2-5034,-0.053203,-0.054926803417968295,B2 N3 Pr3 Rh2
wbm-2-40441,-0.013879,-0.045421935913086076,Au2 In4 Rb2
wbm-5-2098,0.128825,0.11383175701904327,As1 Rh2 Tb1
wbm-1-38722,0.078143,0.07193731389160189,Ga2 O3
wbm-1-8852,0.285047,0.27676212443033843,Ca2 Mn2 Sn2
wbm-1-36859,0.610472,0.4367311472167973,Cu2 O4 U2
wbm-3-47151,0.246731,0.15381818750000018,Nb1 Pb1 Ru2
wbm-2-15550,0.139239,0.1527593348144528,Bi1 F6 Ga1 Rb2
wbm-2-41380,-0.069554,-0.14149842089843756,Bi1 Rh1 Tm1
wbm-4-12384,0.192754,0.21625259020996093,Cu4 Fe4 Tb4
wbm-3-8084,0.051814,-3.818990071641215e-05,B2 Ru7 Yb3
wbm-3-49494,0.289942,0.29283658209228497,Ni1 Pt1 Tl2
wbm-2-45272,0.27663,0.15550490724182137,Se2 Sn6
wbm-1-33612,-0.001311,0.003371320495605463,Na1 Sc1 Tl2
wbm-2-36539,0.073673,0.058689547363281705,Er2 O7 V2
wbm-3-10185,0.019742,-0.010436542871093673,Br2 Dy2 Sn1
wbm-3-50883,0.120674,0.11793861755371077,Cs2 Ir2 O6 Pr2
wbm-4-34680,0.109285,0.13327618853081616,Co1 Dy3 In3 Si2
wbm-1-45723,0.06654,0.08275671004231828,Co2 Fe2 P2
wbm-2-37372,0.315957,0.12992358867187598,O2 Pd2 U6
wbm-3-50684,-0.030969,-0.027262970052082756,O8 Sr4
wbm-2-1003,-0.016885,0.017214578247070105,Al2 Ga1 Ti1
wbm-1-5901,0.010174,0.034539285348074364,Be1 K4 Sb2
wbm-1-22837,0.006264,0.013088635131835509,Br4 I8 K4
wbm-1-40186,0.129897,0.2367252301757817,Hf2 O6 Zn2
wbm-2-35576,0.394156,0.19458660498046904,Fe1 Ni3 O6
wbm-2-5306,0.226227,0.10680549331054712,B4 Rh4 U2
wbm-4-7741,0.057227,0.04133203210449224,Co2 Ga8 U2
wbm-1-37104,-0.125777,-0.16813720258789064,K2 O2 Rh1
wbm-3-78197,0.171749,0.20658315498860633,Gd1 Pd4 Zn1
wbm-1-56061,0.047861,0.043307957104492464,Au3 Sn2
wbm-5-22431,0.024117,-0.0684757548421216,Bi2 Lu2 Yb2
wbm-1-7512,0.37931,0.40596423541259846,C1 Mn1
wbm-4-31083,0.050721,0.02933640136718761,Pb1 Rh2 Tm2
wbm-3-72125,0.089118,0.2775759254964175,Ir1 Si1 Ta1
wbm-4-15085,0.017085,0.03035903868272603,Ge3 Pd3 Tm3
wbm-1-17109,0.56958,0.5009777464904779,Fe2 Sb1 Y1
wbm-3-55381,0.145657,0.1160368750488284,Ba2 Cd1 O6 V1
wbm-2-37415,0.058085,0.11995220351562513,O2 Rh2 Tm6
wbm-4-33983,0.026228,0.009478886657715208,La1 Sc1 Tl2
wbm-4-2415,0.336816,0.32516164920044077,Al2 Ni4 Pd2
wbm-4-35799,0.431763,0.05454598645019526,Ga1 Si1 Zr2
wbm-2-18080,0.136819,0.18986857437133772,Fe1 Rh2 Yb1
wbm-1-25640,0.088788,0.04620180880737293,Li1 Ni1 Y2
wbm-1-11720,0.254877,0.17959606707763642,Au2 Co1 Hf1
wbm-5-18431,0.287151,0.1578189391174319,Ru4 Yb4
wbm-3-49374,0.025512,0.013572764892577936,Hg3 Nd3 Ni3
wbm-4-24903,0.093669,0.0711596974487306,Ni2 Zn4
wbm-2-52148,0.21401,0.17966979390462254,Pb4 U4 Zn4
wbm-2-1031,0.063195,-0.017772745666503886,Al2 Au3 Yb1
wbm-2-34867,0.217391,-0.4209729908558234,Bi2 Dy1 Ni2 O4 Se2
wbm-3-38634,0.062424,0.035148922865125824,Cd3 In3 Mg3
wbm-1-28298,0.248518,0.2261225870186942,Co5 Mg1 P1
wbm-5-16115,0.00865,-0.04409842199707075,Ca2 Nb2 P2
wbm-2-27114,0.197235,0.1457909849039712,Mg1 Pt4 Zr1
wbm-2-36567,0.099973,0.04099096687825479,As2 Ba1 Dy1 O8
wbm-3-66463,0.167129,0.14928375564236088,Fe2 Ni4 Sc3
wbm-3-34411,0.001594,0.025160704793294034,Ho4 In4 Ir4
wbm-3-23826,0.172459,0.03171261145019519,F7 Rb1 Sr2
wbm-5-3342,0.07794,0.05080664920479942,C1 Ge2 Os2 Sc2
wbm-4-18113,-0.013879,-0.005420591491699293,As2 Er1 Li1 Pd2
wbm-4-9738,0.205686,0.2162202536621107,Cu1 Pr1 Pt2
wbm-5-4786,-0.001482,-0.019424050103080476,Co1 La6 Tl2
wbm-3-59772,0.036452,0.005517365063476512,Er4 Pd4 Sn2
wbm-4-27564,0.17532,0.20199710307617189,Hg1 O6 Pu1 Sr2
wbm-2-52217,0.032627,0.029668541870117957,Gd1 Rh2 Zn1
wbm-4-23233,0.074328,0.07663903936767597,Cr2 Cu2 Na2 S6
wbm-2-41484,0.440785,0.39597557492675756,Pb6 Ru4
wbm-2-701,0.199112,0.16699280942382777,Al2 Mn2 Tb1
wbm-3-77038,0.745995,0.7397397495727536,Eu1 Se1 Zn2
wbm-5-22477,0.202229,0.1747848246307373,As1 In1 Zn2
wbm-4-39564,0.092692,0.021547602734375226,Ga3 Lu1 Zn1
wbm-3-13508,0.245611,0.22425511959838904,Ca1 Pd1 Sn2
wbm-2-47013,0.054916,0.018165982014973582,Ca2 Si2 Zn2
wbm-1-41708,0.062141,0.05258454660373246,Cu2 O5 Sr1 Y1
wbm-3-3573,0.02164,0.035672617749023756,Al2 Au4 Th4
wbm-3-16777,0.124065,0.10691250113932281,Cd3 Co3 Tb3
wbm-5-12529,0.275258,0.3022264591674798,As2 Mg2 S2
wbm-3-57111,0.665212,0.35879218303571453,Fe2 K2 O1 P2
wbm-2-50258,0.085364,0.007218798990885622,Cu5 Ti1
wbm-2-22759,0.039422,0.11237553046875019,In2 Pt4 U4
wbm-1-19220,0.095141,0.0739338368733721,Gd1 Ir5
wbm-1-25584,0.182219,0.2729452557067874,Ir1 Li1 Ni2
wbm-3-62551,-0.061459,0.1914652523803692,Nd1 Np1 Ru2
wbm-2-49321,0.469032,0.4610170296936046,Ir2 Sr2
wbm-4-18639,-0.051969,-0.14281005358886772,Ir2 Li2 P2
wbm-3-25274,0.103781,0.10914634212239559,Fe3 Ge2 Ho3 Zn1
wbm-2-15966,0.029102,-0.004821784716797024,F6 K2 Na1 Np1
wbm-3-44925,0.223359,0.11041408222656282,Dy6 F1 N1 Pb2
wbm-4-36679,-0.046048,-0.14849841760254026,Pm1 Sn2 Tm1
wbm-4-38889,0.056665,0.22903792968750006,Os2 Yb6
wbm-4-21050,0.174584,0.16378457306463087,Er1 Mn6 Sb4
wbm-4-23687,0.180027,0.08053418038940402,As1 Ni2 Pr1
wbm-2-15874,-0.030354,-0.053718966186523616,F6 Mg1 Ru1
wbm-2-28202,-0.061914,-0.06454300065104188,Cs2 La2 Mn2 Se6
wbm-3-34942,0.042236,-0.0874657010498045,K4 Se6 Y2
wbm-4-33222,0.047963,0.01869326346842428,La2 S2 Sn2
wbm-3-12063,0.158656,0.07282789254324626,C1 Mn2 Nb2 Si2
wbm-1-55591,0.003541,-0.0027714737955734257,Au2 Sc2 Si2
wbm-1-7384,-0.063858,-0.13363495552571583,C4 Hf8
wbm-3-71526,0.007842,0.010096645236545949,Lu3 Ni3 Si3
wbm-1-30474,-0.006212,-0.011465017041014994,N4 Nd2 O2 Ta2
wbm-1-40702,0.081004,0.09600105021158838,Ge2 Np2 O8
wbm-3-72605,0.176203,0.14732358510742188,Au4 Ho2 Sn4
wbm-4-11523,0.18757,0.13880675030517595,Er3 Fe2 Pb3
wbm-1-2516,0.137266,0.130741148376465,Al1 Au2 Pr1
wbm-4-369,0.134385,0.07374464667968791,Al2 Ga1 Ho2
wbm-4-13939,-0.364551,-0.321889026855469,Ac1 Ga1 Rh2
wbm-1-4291,0.015002,0.01698913867187339,B2 Mn1 Mo2
wbm-1-52030,0.184102,0.13535053112792972,Rh4 Sc4
wbm-2-49750,0.080005,0.07772546401367193,Au6 Te4
wbm-3-53417,0.155395,0.13089721763780343,Bi2 Co1 O6
wbm-3-42077,0.149005,0.10665451191406311,Ge6 Mn2 U2
wbm-4-20777,0.333039,0.1507352508951817,Mn2 Sn1
wbm-4-21595,0.028043,0.054885563629150716,Au2 Mn1 Pt1
wbm-1-24696,0.021414,0.011918328430175689,Cd4 Li2
wbm-3-31078,0.058074,0.04878612226562294,Ge2 Ir4 U4
wbm-5-21231,-0.061788,-0.04786058868408199,Sn1 Tb4 Te3
wbm-3-69037,0.068316,0.05961458420410244,Lu2 Pd4 Si4
wbm-1-12672,0.413532,0.1544317379760738,Cr1 In1 Pt2
wbm-3-11128,0.089488,0.0551594692687984,C4 Fe1 Tm3
wbm-4-30956,0.245683,0.26375122090657555,In4 Rh8
wbm-4-1055,-0.017652,-0.07411072355143189,Al3 Au1 Lu3 Si2
wbm-5-10095,-0.030626,0.05529427661132846,Ga1 H1 Mn3
wbm-3-22267,0.032169,-0.13805275946044981,Al1 F6 Sr1
wbm-2-28429,0.376556,0.3450605587768544,Ca2 N4 Sc2
wbm-2-27653,0.023239,0.09383075386555931,Co4 Mn1 Y1
wbm-5-7083,0.07305,-0.17025212445068344,Er1 F6 Sr1
wbm-3-16038,0.018206,0.012090292285156345,Co2 Sn1 Tb2
wbm-1-47667,0.267674,0.21351865726725378,Hf2 Rh4
wbm-3-55630,0.08318,0.07811690900213095,Ca1 Ge2 Mn1 O7
wbm-3-25982,0.322143,0.295513172932943,Cu2 Fe2 Tm2
wbm-3-52671,0.028924,0.025793516872829873,Co2 Cs2 O5
wbm-1-60290,0.016773,0.004063839794921715,Rb2 Sb4 Zn4
wbm-3-26421,0.186607,0.13275133935546848,Er4 Fe2 In6
wbm-1-58704,0.120858,0.07007809501139359,Se4 Ti1 Tm1
wbm-1-30609,0.204207,0.07927825561523358,N4 S2 Ta4
wbm-3-22100,0.032155,0.1173079101359052,F8 K2 Sb2
wbm-2-42904,-0.03815,-0.02564266792805979,Cs2 S6 Tm2 Zn2
wbm-2-27039,0.056612,0.003032512939453065,Mg1 Pt2 Y3
wbm-3-39054,0.019421,-0.02019093784586575,Ge2 Mg2 Pd2
wbm-5-16939,-0.023134,-0.027996057098388382,Pb3 Pd2 Tm3
wbm-2-1530,0.229004,0.18287607657877583,Al6 Ba4 Ru2
wbm-1-42490,0.058247,0.06143275615234362,Mg1 Nd2 O6 Sn1
wbm-2-46772,0.045025,0.005172394176136484,Lu3 Rh4 Si4
wbm-3-60249,0.119699,0.08850919317626915,Np2 Pd1 Pt1
wbm-4-14798,0.208215,0.21124963020833307,Au6 Ge2 U4
wbm-1-53715,0.067717,0.08435334851074214,Ho4 Rh4 Si8
wbm-3-35920,0.314074,0.368050391479492,Ir4 La2 Pb2
wbm-1-17875,0.213317,0.23952724694824215,Cd2 Fe1 Rh1
wbm-2-26237,0.071966,0.1090032313755582,K4 Mg1 Sb2
wbm-2-8346,-0.037425,-0.02501449616350422,C1 Lu2 Mn2 Si2
wbm-1-9857,0.091755,0.0369271868652343,Cl4 I4 Ti2
wbm-3-69512,0.155124,0.13351976640624982,Eu2 Fe2 Si6
wbm-2-12450,0.124197,0.12592626863606668,Cr3 Ge1 U2
wbm-2-12893,-0.003238,0.03949326242404463,Bi2 Cr1 Zr6
wbm-1-13512,0.184087,0.19078194364420528,Ba1 Cu4 In1
wbm-3-40834,0.425389,0.4041264809570313,Mn4 Rh2 Th2
wbm-5-445,0.23081,0.16546912589518198,Al3 Ge2 In3 Re1
wbm-4-2027,-0.043206,-0.022365200683593413,Al2 Fe4 Y2
wbm-4-27944,-0.004709,0.004657818457031912,Ba2 O6 Os1 Zr1
wbm-1-26289,0.256081,0.18072964053344664,Li1 S2 Zn1
wbm-4-24857,0.652763,0.568693121582031,Ni1 Sm1 Te2
wbm-3-17809,0.158768,0.08736808398437504,Co2 Sn8 Yb2
wbm-3-50189,0.697763,0.6592931434190533,Br4 Cs2 O2 Th1
wbm-1-49410,-0.013454,-0.008916569620768179,Ag4 S6 Sn2
wbm-1-5394,0.044879,0.044104728906249335,B1 Co3 Sc1
wbm-2-5490,0.042256,0.012784212402343939,B4 Fe5 Nd2
wbm-1-59922,0.996506,0.9344262345106334,Cs3 Pd3 Y3
wbm-3-21880,0.018374,0.003179827011108194,Er1 Tl2 Yb1
wbm-4-2725,0.276741,0.0694945438842774,Al1 Lu2 Si1
wbm-2-43884,0.068982,0.05429595620727569,In1 Pt1 Sc2
wbm-4-14887,0.089249,0.10797007161458325,Ge1 Hf2 Ir3
wbm-3-33480,0.029031,0.08790189982096328,Ho2 Os1
wbm-3-69589,0.431949,0.3705842469238275,Nb1 Pt1 Si3
wbm-1-55952,0.127872,0.1395406062622069,Si1 Zn2
wbm-2-2732,0.078092,0.07566919753418,Al1 Ge3 Sr1
wbm-2-47153,0.192609,0.1850587621663413,Cr4 Dy4 Si4
wbm-2-45517,0.021839,-0.025788074300130217,As3 Cu1 Si2
wbm-5-22584,0.039976,0.012557248748779712,Os2 Th2 Zn4
wbm-4-15518,0.325068,0.3792396861683235,H2 O6 P2 Pb1
wbm-3-57868,-0.022736,0.011652814086914022,Ni2 P2 Rb1
wbm-2-11309,0.187325,0.16945092700195363,Co5 Th1
wbm-1-41740,0.228863,0.22780421366373635,Ca3 F2 In2 O5
wbm-2-2931,0.192354,0.09824743999566002,Al3 Nb3 Pd3
wbm-3-5467,0.1258,0.08018186561802496,Al1 Eu1 Sn5
wbm-5-23220,0.158855,0.13065131643676778,Cd4 Ir2 Zr2
wbm-1-28363,0.139472,0.13424843414306628,K2 Mg2 P2
wbm-2-3923,0.082516,-0.02164379467773528,As6 Pr2
wbm-1-57379,0.300605,0.11676409838867219,Tc1 Tm1
wbm-2-6180,-0.048716,-0.020459294708251606,B2 Co2 N2 Nd2
wbm-4-11652,0.085781,0.13440131713867196,Fe4 Ho4 In2
wbm-1-4626,0.056919,-0.011428909601384818,B4 Ca2 Ni5
wbm-3-27040,0.207706,0.23741804134114558,Fe4 Pr4 Sn4
wbm-3-46756,0.273279,0.22128966489664675,Dy1 Na1 Sb1
wbm-3-71831,0.20571,0.1456424214477538,Eu2 Rh1 Si1
wbm-4-8904,1.111396,1.12797420993042,Ce1 Cs2 Tb1
wbm-3-13693,0.154155,0.08302851545715281,Ca1 Pb1 Sn2
wbm-3-32463,-0.031098,-0.011390933878580797,Ba2 H8 Mn2
wbm-3-19691,0.068606,0.05582840698242131,Cu4 Eu4 Sn2
wbm-4-31029,0.039587,0.015942388378905784,Dy2 Rh2 Sn1
wbm-1-3343,0.061231,0.03499214304896788,As2 Se4 Sr1
wbm-1-9052,-0.014381,-0.026689092142741087,Au2 Ca2 Sb2
wbm-1-42354,0.251229,0.454329246240234,Ba1 Bi1 Mg1 O6 Th1
wbm-1-33764,0.454664,0.42387103857421843,Hf2 Na1 Tc1
wbm-2-39878,-0.019268,-0.013751272033692245,Er2 Pd2
wbm-5-199,0.028806,0.09246560089111322,Al2 Fe1 Pt1
wbm-1-25829,0.186987,0.30890901992187536,Li2 O6 Zr2
wbm-3-76635,0.064474,0.049125811584472906,Au2 U2 Zn4
wbm-3-55626,0.076146,0.04068555917080992,Ca1 Ge2 Ho1 O7
wbm-4-5931,0.548429,0.21243374877929755,Ca1 Ge2 Mn1
wbm-4-36685,-0.063912,-0.14014491909790008,Ac1 Pr1 Sn2
wbm-2-29166,0.199842,0.15356746523437617,Mo2 N6 Y2
wbm-5-12840,0.581957,0.12355319036865253,Ga2 Mn4 Pt2
wbm-1-57281,0.215455,0.19052680194091792,Au1 La2 Tc1
wbm-3-53698,0.211594,0.2246310492675782,Er2 Ga1 Hf1 O6
wbm-3-12354,0.013833,0.0025330349365237526,Ca2 Cu2 In1
wbm-3-43182,-0.007976,0.052925627197266,Ce1 N2 Pu1
wbm-3-2296,0.382203,0.37411597003173863,Al3 Ru2 Sr3
wbm-2-19600,0.047629,0.019521652008056854,Dy2 Ge4 Pd2
wbm-3-20828,0.121999,0.12444621520996041,Ba1 Cu1 In5
wbm-2-29967,0.132852,0.14332620504760765,Au2 N2 Tm4
wbm-1-43503,0.016738,0.009190551225142087,Co1 O8 Re2
wbm-1-15517,0.332741,0.14397446376255602,F5 Sn1 Th1
wbm-3-9812,0.371601,0.29562114009602836,B2 Pt8 V2
wbm-1-33816,0.016419,0.017752536315917705,Na1 Se2 V1
wbm-2-37531,0.262658,0.17830636391601645,I6 O2 Ti2
wbm-2-12297,0.005687,0.02492388436889659,Co2 Sn4 Y2
wbm-3-46657,0.095666,0.10083423431396496,Na4 Rh4 Tl4
wbm-2-41185,-0.016444,-0.023186637603760038,Eu2 Rh2 Sb4
wbm-3-44784,0.370362,0.3529260682373047,Br2 N2 Th4
wbm-1-27398,0.245119,0.2100759403686522,Al2 Mg1 Sn1
wbm-2-22267,-1.658392,-1.6439166228637703,Gd2 I6
wbm-2-13424,0.078447,0.054938322204589454,Cu6 Gd2
wbm-4-36645,0.176793,-0.04892123339843743,Dy1 Nd1 Sn2
wbm-5-819,0.058544,0.031349692572699664,Al3 Dy3 Re1 Sn2
wbm-1-19649,0.069847,0.06588920776367214,Ag1 Ge1 Pt5
wbm-1-60602,0.001846,0.020615769513811374,Ag2 I4 Zn1
wbm-1-38006,0.078963,0.09212781347656274,Ag2 O6 Sm2
wbm-1-24254,0.112041,0.1135993634643559,As1 Li3 O6 Zn2
wbm-3-29965,0.389421,0.29095466843261725,Ge4 Nd4 Rb2
wbm-2-3014,-0.101497,-0.15313027842203752,Al2 P4 Rb6
wbm-4-33151,0.988146,0.8370165826416005,Gd1 S1 Tl2
wbm-3-49260,0.00782,-0.00375132697405111,In5 Ni1 Yb1
wbm-1-38317,0.066932,0.046339411669922295,Ca2 O6 Ru2
wbm-5-11093,0.046776,0.12440069848632847,As2 Co2 La1 Li1
wbm-1-14180,0.049328,0.049631116528320376,Cu2 Se4 Tl4
wbm-2-33709,-0.245675,-0.25586990478515614,O2 Pt1 Rb2
wbm-3-27834,-0.01831,-0.032819422363281565,Au2 Ga4 Tm2
wbm-3-38583,0.14058,0.14220188070678716,Ca2 Ge1 Mg1
wbm-2-548,-0.04139,-0.06489483052063003,Al4 Ba2 Cu2
wbm-1-61705,0.227323,0.3019709651489258,Rh2 Sb1 Zr1
wbm-2-35680,0.205197,0.28567122254774346,Mg1 O6 P2
wbm-3-13889,0.008051,0.005251633728027253,Ac1 Cd2 Er1
wbm-3-20325,0.045131,-0.049548054294162126,As2 Cu1 Yb6
wbm-4-34735,0.08757,0.04538191539171017,Cu1 In3 Si2 Tm3
wbm-3-22066,0.127104,0.14681526037597636,Cu2 F8 Pr2
wbm-2-28558,0.263299,0.15414176884765635,Mg2 N2 Tb1
wbm-3-9881,-0.116233,-0.1823286135559081,Ba2 Tl1
wbm-4-7241,0.257394,0.22690147090657548,Co2 Pd3 Sr1
wbm-2-8417,0.156075,0.1282088347473134,C2 Lu4 Si2
wbm-5-10986,0.109497,0.10295500988769522,As2 Li1 Nb1 Pd2
wbm-1-10968,0.036172,-0.010273556966145715,Cl2 Se2 Ti2
wbm-2-26251,0.272022,0.363200175632053,K3 Mg3 Sr3
wbm-3-69223,0.048107,-0.01144594365234354,Mn2 Si4 Ti4
wbm-4-35984,0.162915,0.10279337020874033,Ge4 Ni2 Si2
wbm-3-30054,0.105549,0.06260603339843784,Ge4 Ho2 Ru4
wbm-3-30943,0.135211,0.05542669845920148,Er3 Ge3 Hg3
wbm-3-73153,0.391945,0.34830000354003876,I2 Ir5 Sn1
wbm-4-7856,0.01528,-0.027394771213107474,Co1 In2 Pr6
wbm-5-19380,0.057998,-0.10416457775878968,Pb2 Sc1 Tm1
wbm-4-3830,-0.015868,-0.024155723486327448,B2 Hf1 O6 Pb1
wbm-4-38984,-0.176158,-0.2608585028533934,Ac1 As1 Zn2
wbm-1-28417,-0.192342,-0.19355755105590866,Ac1 Mg1 Rh2
wbm-3-46662,0.293584,0.7400672669372552,Na1 Pu1 Ru2
wbm-1-37147,0.171262,0.1591197572937015,Ga2 K2 O4
wbm-2-45996,-0.076273,-0.091945860310873,Ba1 Rh3 Si2
wbm-4-2239,-0.227994,-0.020687131054687752,Al2 Ir4 Pa4
wbm-3-66910,0.258629,0.14348748882378487,Fe3 Sc3 Zn3
wbm-3-43894,0.207024,0.12261259020995877,N2 U1 V1
wbm-3-71292,0.365565,0.45168007580566344,Eu2 Mn1 Si1
wbm-3-39778,0.101233,0.03298704237196269,Dy6 Mg1 Sb2
wbm-3-43441,0.313049,0.20308942724609358,Mn1 N2 Nd1
wbm-4-1073,0.035496,0.04347183930121548,Al3 Mn1 Si2 Sm3
wbm-2-47376,0.162039,0.08114633520507764,Fe4 Os4 Si4
wbm-5-22111,0.33213,0.06973771417236357,Ge2 V2
wbm-1-44318,0.026669,0.014014922799246269,Cs4 I2 O1
wbm-5-6016,0.038634,-0.027609386474610587,Au2 Dy3 Pb3
wbm-5-4816,0.172395,0.1373455485568576,Co3 Ga3 Ni3
wbm-3-14007,0.115867,0.04580962348632828,Cd3 Gd2
wbm-3-76636,0.24655,0.21244682215881333,Ba1 Bi1 Zn2
wbm-4-6595,-0.019966,0.039838218226841235,Cl3 Ge1 Nd3
wbm-2-50129,0.004313,0.008947633167613229,Fe2 In5 Ti4
wbm-2-38794,0.030549,0.05034526314290306,Ni4 P4 Rh4
wbm-4-9169,0.012976,0.021320109893798636,Cu2 Nd1 Yb1
wbm-3-71610,0.108565,0.06725041638183568,Dy2 Pd4 Si2
wbm-3-18806,0.196248,0.232465185821533,Cr1 Cu2 Mn1
wbm-1-56826,-0.009632,-0.053507031311034986,Pm1 Sr1 Tl2
wbm-2-2665,0.051911,0.05844808369954367,Al2 Fe2 Sm2
wbm-3-17821,0.066894,0.08500446659342469,Co4 Ho4 Sn4
wbm-3-76292,0.055809,0.024188384277342934,Au4 In4 Y4
wbm-1-3668,-0.020427,-0.0414795697835291,As2 Rh2 Tb2
wbm-3-18947,-0.017654,-0.03366927921549462,Cr2 Cs2 Dy2 Se6
wbm-1-59091,0.004162,-0.03254917354329448,V2 Zn1
wbm-4-15155,0.007187,-0.00089181512451214,Ge2 Rh4 Th2
wbm-4-34151,0.060584,0.00023357820638045257,In2 Ru2 Sc2
wbm-3-62590,0.152419,0.0679578868408198,Pd1 Ru2 Th3
wbm-2-26188,-0.000943,-0.005939464062499928,In4 Mg2 Th4
wbm-3-14244,0.04338,-0.01759440440538193,Cd3 Pb3 Pr3
wbm-2-30708,0.776682,0.848939444976807,Na1 Np2 Pb1
wbm-3-7896,0.061011,0.028308277734374464,B2 Nd1 O6 Pb1
wbm-4-11487,-0.014808,0.06129225507812565,Ce2 Co1 Fe2
wbm-1-16502,0.072156,0.06021557739257799,F7 K1 Nd2
wbm-3-66144,-0.041586,-0.040699625453404095,Cs3 Sb1 Te3
wbm-3-18373,0.374043,0.4183360683371802,Ba3 Cr4 Sn4
wbm-3-26303,0.165857,0.1466564754638667,Fe4 Ge4 In4
wbm-4-2896,0.027633,0.012095827270507824,Al1 Pt2 Ti1
wbm-1-19340,-0.016734,-0.030309083343505766,Ce2 Ge4 Pd2
wbm-2-26745,-0.055313,-0.03857950207519495,Cs2 Er2 Mg2 Se6
wbm-2-46663,0.052578,0.03125637224786891,Fe4 Hf3 Si4
wbm-2-27283,0.365518,0.38722523904418993,Ce2 Mn4 Pd2
wbm-2-46283,0.074311,0.04024090063476589,As4 Ir2 Si6
wbm-3-52211,0.071368,0.061272866734095724,La1 Na2 O4
wbm-1-1786,0.022298,0.021835708511352372,Al4 Ca4
wbm-4-2303,0.260163,0.29576985089111446,Al2 Mn4 Pr2
wbm-3-26594,0.171136,0.1777069337158202,Er2 Fe2 Ni4
wbm-5-15280,0.013633,0.04510723160807361,Cd1 O4 Yb1
wbm-5-22821,-0.007112,-0.021456637353515544,Cd2 Pt2 Zn1
wbm-1-54957,0.121489,0.03193061385091138,Ho4 Si2
wbm-3-10142,0.115789,0.010708724466960223,Br8 Lu4
wbm-2-50412,0.007995,-0.012690045410155922,Pd7 Ti1
wbm-2-1486,0.009228,-0.041482457926432695,Al6 Ir2 Pr4
wbm-1-28671,-0.051605,-0.105531315483941,La3 Mg3 Sn3
wbm-2-7380,0.119677,0.009119837646484469,C2 Fe1 O6 Yb1
wbm-1-18198,0.096252,0.047892432881673,Ag3 Ga2 La1
wbm-3-30508,0.062173,0.02400036108398359,Ge6 Rh2 Tm2
wbm-4-23930,0.071774,0.11400679571533212,In2 Ni4 Sn2
wbm-2-38903,0.28687,0.21301033527832053,Bi1 P1 Pr3
wbm-4-17817,-0.050815,-0.07115057075195347,Hg2 La4 Pt4
wbm-2-16253,0.000984,0.0020728745605468487,Cs3 F6 Sc1
wbm-5-8604,0.145516,0.08232265145438065,Ga5 Pb1 Pt1
wbm-1-53353,0.055513,0.03030470275878868,Ba2 Cu2 Si4
wbm-3-33689,0.01926,0.02667786725725446,I4 Pt1 Tl2
wbm-1-8987,0.193584,0.20494349787902835,Ca1 Rb3
wbm-2-9541,0.019791,0.0193590920104979,Au2 Ca1 Tb1
wbm-4-2619,0.028813,0.038038839233398146,Al4 Pr4 Ru4
wbm-2-15850,0.092912,0.011138105438232127,Ca1 F6 Mg1
wbm-2-46820,-0.011475,-0.010712050803444716,Au4 Si4 Y3
wbm-3-27118,0.139965,0.0015802800903318426,Fe1 Ir1 Ta2
wbm-5-10418,0.093099,0.055792244262695204,Ho2 In1 Pt2
wbm-3-53845,-0.016979,-0.010938601182725861,Cs1 I1 Ir1 O6
wbm-3-59632,0.030365,-0.016646138763427774,In3 Pd2 Th3
wbm-1-57259,0.035432,-0.0446190379638677,Hf2 Pt1 Tc1
wbm-1-28762,0.114473,0.09496231814575191,Mg2 Th6
wbm-1-7846,-0.073068,-0.049685883447265405,C1 Se2 Ta2
wbm-4-7314,0.134566,0.18130951251220798,Co2 Pd1 Zr1
wbm-3-48081,0.062085,0.028427304077147664,Bi4 Ni4 Yb2
wbm-1-16034,-0.084578,-0.09056707517089753,Cs2 Dy1 F6 Na1
wbm-4-20890,0.191151,0.20556033801269513,Ga2 Mn3 Sm1
wbm-3-10213,0.021556,-0.02642620025634814,Br2 Tb1
wbm-1-11858,0.009383,0.0696901437072753,Co1 Ni3
wbm-2-10368,0.027857,-0.3298309693603523,Cl8 Ho2
wbm-1-25021,0.00224,0.013724470743815755,F8 Li2 Sm2
wbm-2-39695,0.022562,0.025147209263393006,Pd3 Sn4
wbm-2-6141,0.266065,0.36836241577148443,B1 N3 Tm3
wbm-3-11329,0.259361,0.06602208032226567,C5 Pr4 Zn3
wbm-1-10880,0.080083,0.04121438003540044,Cl2 Cu2
wbm-1-9628,0.136129,0.17513699758911155,Cd1 Pt2 Yb1
wbm-3-5672,0.061573,0.03702315969848681,Al1 Rh2 V1
wbm-3-57373,0.118641,-0.025697795003255086,O2 Tb2 Te2
wbm-1-41112,0.089443,-0.004990006068638031,Bi2 O4 Pr1
wbm-3-5841,0.165925,0.07546716910807238,As2 Cd1 Hf6
wbm-1-2041,0.118279,-0.01159365165201831,Al2 Er4
wbm-2-14620,0.053133,0.05804043466186523,Cu2 Sr2 Tl8
wbm-3-8348,0.149504,0.053349654474431324,B4 Mn5 Tm2
wbm-5-13303,0.256855,0.06924679223632779,In3 Mn1 Sm3 Sn2
wbm-1-14488,0.023368,0.03344538203938817,Cu2 Zn4
wbm-1-36230,0.113698,0.10109547741699179,Ni2 Tl4 Y2
wbm-5-10748,0.113672,0.017178221466063404,Ge4 K2 Rh2
wbm-1-6203,0.133932,0.10434572911376944,Ag2 Br6 In2
wbm-1-13888,0.022916,0.016021517059326813,Au1 Cu1 Ho2
wbm-4-9081,0.055335,0.041747497436523597,Cu2 Ga1 Sm1
wbm-1-8941,0.162623,0.13635042547607415,Ca2 Pd4
wbm-1-28312,0.140592,0.1277887988586423,Eu1 Mg1 Pd2
wbm-3-10412,0.227164,0.14594465124511755,Br6 In2 Zr2
wbm-1-9260,0.007157,0.002047398579915264,Au4 Cd8
wbm-3-33374,0.321329,-0.13456849548339866,H1 Nb1 S1
wbm-3-29249,-0.028814,-0.015932633870442352,Ga2 La2 Ru2
wbm-4-12707,0.249591,0.2885008664957679,Fe4 La4 Rh4
wbm-1-21813,-0.036683,-0.005303290878295709,I6 Pr2
wbm-4-2191,0.192295,0.1574884312057495,Al1 Hg2 Pb1
wbm-1-1985,0.15809,0.07349220663452133,Al1 Cu5 I2
wbm-1-5063,0.065853,0.038409093017577944,B3 Ir6 La3
wbm-3-36724,0.047282,-0.017846703295897597,Ca4 Ge4 Li2
wbm-4-33450,0.072469,0.059958294750975694,Ag4 Pb2 Sc4
wbm-4-23092,0.09254,0.11938368464660647,In1 Na1 Pr2
wbm-2-4172,0.419245,0.41151512928602363,As3 Ho3 Mo3
wbm-3-1524,0.146303,0.07651472127278658,Al6 Ca2 Ge4
wbm-4-2259,0.107913,0.08515982670084672,Al2 K2 Mn2 Se6
wbm-1-41235,-0.038813,-0.0679314927645598,O4 Se3 Tm4
wbm-5-18674,0.798649,0.8162182240295407,Ho1 Pb2 S1
wbm-2-8880,0.480126,0.3606399414469399,Ca4 Cr4 Sn4
wbm-1-50973,0.018797,0.008990033111572697,Au2 Sb4 Tm2
wbm-5-4513,-0.284885,-0.25371171445312524,Co2 Pa2 Sn1
wbm-2-44301,-0.035336,-0.03108514838324624,Au3 Ga3 Sc3
wbm-3-27002,0.15919,0.07683744978027296,Fe1 Sn3 Tb1
wbm-5-11308,0.047597,-0.03321997892252748,Ir2 Li1 P2 U1
wbm-3-43723,0.01551,0.044559903320313315,Eu1 N2 Sm1
wbm-1-48132,0.132573,0.12530963931274391,Os1 Rh1 Tb2
wbm-5-23202,0.339406,0.20458906521606368,Sn1 Te3 Zr4
wbm-2-23068,0.345575,0.359773002406529,K3 Rh2 Sr2
wbm-1-16104,0.106713,-0.0368719638916018,F6 K2 Na1 Zr1
wbm-2-19327,0.047622,0.04932913004557282,Bi3 Ga1 Zr2
wbm-2-48642,0.399155,0.29622309116210876,Nd2 Os4 Sn4
wbm-3-69748,-0.098558,-0.08915882609049494,Au2 Si6 Tm4
wbm-3-59373,0.451878,0.2792705360514328,Ir1 P1 Tm1
wbm-3-66730,0.097728,0.06438765986772048,Co4 In6 Sc1
wbm-4-32299,0.244165,0.11839827896118063,Au1 Os1 S2
wbm-2-43572,0.055544,-0.018977164599609332,Eu2 Ir4 Sb4
wbm-5-11402,0.130305,0.09288101334635246,Li1 P2 Pt2 Ti1
wbm-2-47538,0.219327,0.23256960717773384,Mn2 Si1 Zr1
wbm-5-21383,0.321198,0.313580479370117,Au2 Rh1 Sr1
wbm-1-25126,0.28915,0.24879927575683727,Fe4 Li2
wbm-3-9015,0.149682,0.057846001898871874,B1 Co6 Y2
wbm-3-12289,0.076889,0.007807640075683256,C2 Th4 Zn2
wbm-5-2823,0.191438,0.12416456347656218,B1 Nb2 Pt6
wbm-1-61661,0.070771,0.09126402877807602,Pd4 Sb2 Zr2
wbm-1-6035,-0.06812,-0.04211572554524738,Be2 Lu2 Si2
wbm-2-21133,0.003409,0.016836233442827368,H2 O6 P2 Pu1
wbm-1-43635,0.34202,0.3251463097737626,Ag1 Bi1 Ni2 O8
wbm-5-531,0.179928,0.20327311737060474,Al3 Mn2 Yb3
wbm-5-6729,0.123215,-0.16863880670165982,F6 K1 Y1
wbm-4-12876,0.161066,0.1584646848551431,Fe4 Ir4 Y4
wbm-1-23006,0.58365,0.5352195558776862,K1 Nb1 Te2
wbm-1-26677,0.308398,0.23463296279907248,Li1 Mn2 V1
wbm-4-14387,0.009463,0.018843783474392084,Ge2 Ho3 In3 Ir1
wbm-1-30962,-0.192834,-0.22057286494140632,Mo2 N6 Pr2
wbm-3-52666,0.191137,0.14911909427897163,O8 Ta2 Zr2
wbm-2-20741,0.214907,0.1489681289062508,Eu2 Ge1 Rh1
wbm-3-66538,-0.04294,-0.02183498675537112,Pd2 Sc3 Tl3
wbm-2-27710,0.109457,0.1330144501953124,Cu2 Ge2 Mn2
wbm-5-20022,-0.066208,-0.1569858042480487,Mn1 Pa1 Si3
wbm-2-39511,-0.049599,-0.09614635342407257,Ba2 In2 Pd4
wbm-3-74068,0.017965,-0.01516505069986963,Bi2 Ir1 Tb6
wbm-3-55414,0.090877,0.10318024262695337,O6 Sr2 Tb1 V1
wbm-4-29605,0.363052,0.23605313741048217,P2 Rh2 Ta2
wbm-3-37394,-0.110313,-0.11033970112304703,Cd1 Cs1 Li1 Se2
wbm-4-34889,0.094191,0.05818800124782983,Er3 In3 Pt1 Si2
wbm-3-24777,0.51676,0.36008158621215836,Fe4 Sm2 Sn2
wbm-4-19447,0.159841,0.10443707373046862,Ce1 Co2 Mg1
wbm-2-41977,-0.071373,-0.11692076389160154,Cl4 S4 Th2
wbm-3-26477,0.120685,-0.007267498128255598,Fe2 In2 Np2
wbm-1-27975,-0.0553,-0.13102651798502685,Ge2 Mg2 Rh2
wbm-3-16208,0.016824,0.0330760392659502,Co3 Er1 Ga2
wbm-4-6200,0.0491,0.04799426137288417,Au2 Cd3 Nd1
wbm-4-7186,0.243659,0.22083538711547837,Co4 Rh2 Yb2
wbm-2-40298,0.110991,0.06489652587890676,Pt9 Th3
wbm-1-52239,0.061226,0.009703945719401252,Sc1 Te4 Zr1
wbm-1-12079,0.066302,0.013964818766275436,Co2 Tb4
wbm-1-17845,0.138971,0.09200999911499014,Fe4 Pd4
wbm-1-39368,-0.072315,-0.0975620394856772,Ba3 O9 Pd3
wbm-2-35888,0.115549,0.04509050764160137,Ba2 Ni1 O6 Rh1
wbm-2-25754,-0.058509,-0.08716262426757834,Ce4 Mg4 Pb4
wbm-3-70742,0.093604,0.07531175000000055,Co4 Ho4 Si4
wbm-2-30967,0.158996,0.05393852777099614,Na1 Nd1 Sn2
wbm-3-20236,-0.081918,-0.06913563230387319,Cu5 Pm1
wbm-3-32334,0.16242,0.13017707690429658,H6 Rh2 V2
wbm-4-30204,-0.053564,0.3879904159749345,Bi4 Pd4 Pu4
wbm-2-45195,0.129964,0.1728391988118492,Gd4 Se2
wbm-3-41253,0.253937,0.24925931925455744,Ce1 In1 Mn4
wbm-3-46953,0.211451,0.19759773641967832,Na1 Pt1 Yb2
wbm-1-29719,0.904577,0.3718548238932279,Ir4 Mn2
wbm-1-19277,0.184665,0.09893725081380214,Au12 Ge24 Hf12
wbm-3-4343,0.096148,0.04118934167480469,Al2 Ge4 Pr2
wbm-4-12872,0.394738,0.3766329988403318,Fe1 Pt2 Yb1
wbm-4-6423,-0.035396,-0.026348106408691688,Bi4 Cd2 Yb4
wbm-3-42690,0.295094,0.3060254768473302,Mn2 Sb2 Sm2
wbm-2-19674,-0.018914,-0.04891418908691493,Ge2 Rh3 Th1
wbm-3-22540,-0.196835,-0.24427696142578084,Cs2 F6 Os1
wbm-4-33281,0.237024,0.12282991851128551,Re1 Sb2 U6
wbm-1-3692,0.240704,0.08124078572591173,As2 La2 Ru2
wbm-2-14216,0.004769,0.011862064422607042,Bi4 Cu2 La2
wbm-3-53444,0.143316,0.11749112373046833,Co1 Ir3 O6
wbm-3-53329,0.165029,0.17737425747070326,Ca2 O6 Rh1 Y1
wbm-2-14261,0.555709,0.525848540222168,Cu1 Pb1 U2
wbm-3-52261,0.481005,0.3387637444457997,As1 Cs1 Ni2 O4
wbm-4-18970,0.078203,0.028110321426391777,Au2 In2 Mg4
wbm-3-76387,0.161762,0.13198397250976632,Rh4 Y1
wbm-1-52667,0.028119,0.03113939128417997,Lu4 Se6
wbm-3-58008,0.022157,-0.0070551522105823765,Cs2 P2 Se6 Sn1
wbm-5-6059,0.044212,0.038956236511230896,Dy1 Pb3
wbm-2-4201,0.270763,0.12123605851236974,As4 Nb4 Pt4
wbm-1-5189,-0.028259,0.018362327728271212,B2 Lu2 N2 Ni2
wbm-2-27211,0.067224,0.0020709020385739074,Hf3 In3 Mn2
wbm-3-67220,0.020623,0.027479583618164435,Pd6 Sc2
wbm-2-12989,0.025021,0.033641726119995316,Cd2 Cu4 Sm2
wbm-1-22449,0.550856,0.5970475594482418,Hg2 Ir6
wbm-3-4072,0.000691,-0.038969866780599494,Al2 Cu2 Th2
wbm-4-20622,0.187473,0.16660419897460846,Ga1 Mn2 Tm2
wbm-1-38644,0.173148,0.19422534082031243,Fe2 O3
wbm-3-3543,0.213317,0.10414377504475905,Al4 As4 Nd4
wbm-2-18010,0.136212,0.08323796050347174,Fe3 Ni3 Th3
wbm-1-43510,0.318151,0.30581477408854213,Cr3 O8 Te1
wbm-3-71455,0.01332,0.033847918725586124,La4 Ni4 Si2
wbm-3-75866,0.38529,0.3545037118530271,Bi4 Ni2 V2
wbm-3-62553,-0.083671,0.3942445012817391,Nd1 Pu1 Ru2
wbm-2-28295,0.082435,0.04580323852538977,Mn1 Nd6 Te2
wbm-5-22796,-0.049071,-0.012068851019965098,Au3 Pa3 Zn3
wbm-2-26405,0.028639,0.028933765576171586,Mg1 Ni2 Y2
wbm-3-5074,0.360256,0.3157708387586796,Al3 Rh3 Sn3
wbm-1-24165,-0.006671,-0.00942354724121099,As2 Er1 Li3
wbm-2-14617,0.09119,0.0436354874267576,Cu2 Sr2 Te6 U2
wbm-1-52526,0.008367,-0.011923574517143778,Se6 Th3
wbm-2-49405,0.542101,0.528536803995768,Re8 Sr4
wbm-3-25560,0.981977,0.6320954381277899,Er1 Fe5 Rh1
wbm-4-33931,0.087287,-0.06013770901489296,Ac1 Ge2 Sc1
wbm-1-7721,0.164568,0.14147124975585962,Al2 C2 La2 O2
wbm-4-31496,0.027038,0.09710197090657524,Rh4 Sn4 Tm4
wbm-2-17507,0.076783,0.01575544840494783,Co4 Fe4 Ge4
wbm-2-33538,0.081062,0.09894871761067695,Fe3 O6 Sr3
wbm-5-2071,-0.119001,0.09118993667602551,As1 Hg2 Pm1
wbm-1-19244,0.017641,0.023781073689778647,Ba1 Ge2
wbm-5-9194,0.114316,0.13036858173285606,Ge2 Ir1 Nd3 Tl3
wbm-1-8949,0.05237,0.02543958093261703,Ca2 In8 Pd2
wbm-1-2507,-0.051325,-0.006312049595423801,Al1 Ni5 P1
wbm-1-52232,0.039713,0.0012822430725095701,Pd2 Sc1 Zr1
wbm-4-34576,0.810783,0.8119053855895999,Pb2 Pr1 Se1
wbm-3-24490,0.499,0.4083764050903328,Fe4 In2 Pu2
wbm-5-14055,0.075445,0.055287538033621644,La1 Mg2 Na2 Sn2
wbm-5-12948,0.314441,0.2154079592285148,Mn2 Pb3 Tb3
wbm-4-22581,0.20538,0.08431729067993132,Ge2 N2 Sm4
wbm-3-78999,0.18175,0.10497730227661153,In2 Pr1 Zr1
wbm-3-33667,0.046324,-0.1327711077270506,I6 Yb2
wbm-3-69030,0.293376,0.2634198581054691,Ba1 P2 Si2
wbm-1-12454,0.049878,0.15280136370849676,Cr3 Mn1
wbm-1-6547,-0.039195,0.006086866719564078,Br2 Cd4 Sb6
wbm-3-19260,0.43763,0.3876672779052732,Cs2 Cu4 Nd4
wbm-3-77956,-0.02871,-0.04857084594726556,Au4 Ho4 Zn4
wbm-3-16410,0.038016,0.018805857865767557,Ce3 Co4 Ge4
wbm-5-6815,0.047428,0.04532396177842865,F6 Na2 Pd1
wbm-1-17806,0.19725,0.17085524127197224,Fe1 Ni1 Y2
wbm-1-37632,0.461697,0.5069141788635259,La2 O4 Rh2
wbm-5-16351,0.514443,0.5987142832031243,Ir2 P1 Pu1
wbm-3-45902,0.015671,0.014449183746337867,Ba2 Na4 Sn2
wbm-2-6182,-0.056864,0.008155470550536698,B2 Co2 N2 Sm2
wbm-2-16757,0.233679,0.3244986603759755,Fe2 Ge2 Pr1
wbm-4-14649,0.060764,-0.10248889907836993,Ac1 Ge2 Y1
wbm-1-55440,-0.019987,-0.011978218098958628,Nd4 Rh4 Si4
wbm-1-13223,0.117456,0.06061530183105435,Cu2 Pb1 Te2
wbm-3-15974,-0.109151,-0.054418139160156004,Co2 Ir3 Sm1
wbm-3-42149,0.308798,0.35366372042846683,Ge1 Mn1 Sm2
wbm-5-17121,0.460484,0.39263584150695807,Hg2 Pd1 Sb1
wbm-1-19500,0.105435,0.0974639964355476,Ge3 Ir1 U1
wbm-3-40272,0.107207,0.07498472420247268,Hf3 Mg1 Zn2
wbm-4-17170,-0.186742,-0.2236698534545901,Ac2 In1 Sn1
wbm-3-53158,0.111133,0.1387353908203129,Ca2 Hf1 O6 Ta1
wbm-3-51218,0.297595,0.09389740156250032,Ni2 O6 Pb2
wbm-3-57947,-0.053567,-0.103608904150391,P2 Pt2 Rb1
wbm-3-57514,-0.008841,0.14612279797363248,Os2 Th1 U1
wbm-1-58609,0.028723,0.010427668701171455,Rh6 Ti2
wbm-3-15917,0.161297,0.12705412282986123,Co6 Pr3
wbm-3-61534,0.135803,0.06703662688654123,Cs1 Rh4 Tl6
wbm-3-57883,0.007202,0.01386225825195371,Er4 Ni2 P4
wbm-5-3261,0.301384,0.24578862740652918,C1 Ge2 Pr2 Pt2
wbm-3-56851,-0.031922,-0.005299213037108556,F5 O1 Rb2 Tl1 V1
wbm-2-12214,0.121581,0.06511177028808626,Co1 In3 Sr1
wbm-3-4895,0.122001,0.15065577053832999,Al2 Cd4 Pd2
wbm-4-38203,0.157129,0.07811810878906252,Ru4 Sn2 V4
wbm-4-3107,0.081654,0.11374657424587664,As2 Pd1 Tm6
wbm-4-22770,0.045801,-0.05307430810546874,Br2 N2 Sc4
wbm-2-48153,0.055108,0.06705269104003914,Se3 Si1 U4
wbm-2-51643,0.03016,0.04055590444607202,Tb3 Zn6
wbm-1-55768,0.17082,0.16834243850708044,Cu1 Si1 Ti2
wbm-5-20307,0.184765,0.16030306286621115,Ga4 Pd2 Si2
wbm-4-28010,-0.002508,-0.007590482421874701,Eu1 Ge2 In1 O7
wbm-2-20039,0.086015,0.03532419931030288,Ge3 Sm1
wbm-3-49981,0.262013,0.21194807617187478,La1 Ni1 Te1
wbm-3-56607,-0.016259,-0.0038219928850448982,Br4 Cs1 O1 Ta1
wbm-1-12828,0.135498,0.12670405879720004,Cr4 Sb4 Sn4
wbm-4-17741,-0.009938,-0.0732082233581543,K2 Pt2 Sn4
wbm-3-16678,0.272294,0.16868038582356712,As2 Co2 Np2
wbm-5-15439,0.519395,0.5796104368489587,O4 Pr1 Si1
wbm-1-21020,-0.001135,-0.046289173990885835,Cr1 H8 Mg2 Sr1
wbm-2-6361,0.045397,0.08561175838216181,B2 Dy2 Pd8
wbm-2-14753,0.041786,0.046599660858154375,Cu1 Pd2 Y1
wbm-3-16151,0.215034,0.19088979001871814,Co2 In3 Zn1
wbm-1-3895,0.075697,0.07843466658020014,Au3 Hg1
wbm-5-8367,0.107131,-0.030256754720052154,Au1 Ga3 Ge2 Th3
wbm-3-26846,0.250761,0.25850521655273373,Fe2 Ru2 Th2
wbm-1-36236,0.036149,0.02405280207824713,Au2 Ni2 Zn4
wbm-1-41376,-0.002355,0.03770850040689943,O8 Ta2 Tl2
wbm-4-4888,-0.000127,0.0004896811035157594,C2 Hg1 O6 Sr1
wbm-2-46293,0.034678,-0.010165308430989936,Ca4 Rh2 Si6
wbm-3-42750,0.007166,0.02226460196940127,Mn2 Rb2 Se6 Yb2
wbm-3-54914,0.014877,0.01680917167968829,Ho1 O6 Sr2 Ta1
wbm-1-18279,0.003138,-0.011716148291016167,Ga20 Hf10 Pd10
wbm-2-4386,0.203943,0.18160537757703957,As3 Nd3 Ru3
wbm-3-16147,0.014693,-0.018698034952799716,Co2 Hf3 Zn1
wbm-3-2277,0.099264,0.0821254569266187,Al3 Gd2 Sn2
wbm-1-59483,0.063255,-0.0010933471679688833,Pd2 V2
wbm-2-4412,0.034607,0.01905210140991248,As2 Ho4 Sb2
wbm-1-23312,0.723164,0.7154729335327156,La2 Np6
wbm-3-12706,0.362515,0.4332317599894198,Ca3 Ru2 Zn1
wbm-1-28929,-0.074746,-0.028084050140381206,Mg1 Pt2 Zn1
wbm-4-33485,0.534803,0.5059954159912108,Cu4 Rb2 Sc4
wbm-2-20324,0.12183,0.08400512249755837,Cd4 Dy4 Ge4
wbm-4-15510,0.127181,0.12726551180012985,H6 Mn3
wbm-1-35917,0.059121,0.010685092854817134,Ba1 Ni1 Sb1
wbm-3-49933,0.081371,0.07019013204956007,Au1 Ni1 Tb2
wbm-1-60277,0.1462,0.11113368984985394,Pd1 Th1 Zn2
wbm-1-21137,0.032613,0.12848964143880187,Fe1 H1 Ni1
wbm-4-4646,0.225647,0.10259310700988782,Ba1 Th1 Tl2
wbm-3-41138,0.082273,0.07024331998698041,Ho3 Mn9
wbm-4-3336,0.047939,0.016475859479631365,As1 Nb1 Pd5
wbm-2-2442,0.121606,0.14184014855957028,Al1 Co1 Er2
wbm-4-14802,-0.016266,-0.08555332499186197,Au4 Ge4 Pa4
wbm-1-31650,0.024155,0.0022158329589839383,Ag1 Ca3 N1
wbm-4-27022,0.002686,0.006749138232422325,Mn1 Nb1 O6 Sr2
wbm-4-33794,0.046823,-0.07835629815673945,Ce1 Pb2 Sc1
wbm-1-13246,0.001819,-0.019845846588135048,Ac1 Cu2 Tl1
wbm-1-13791,0.417259,0.39583764840698205,Cu1 Ga1 U2
wbm-1-811,0.14085,0.0744335954938615,Al2 Ni1 Te4
wbm-3-11001,0.381743,0.14073900436401382,C2 Eu1 Zn1
wbm-3-4822,0.132703,0.3686371864624032,Al2 Np2
wbm-4-31532,0.030758,-0.016975429850259578,Pb2 Rh1 Tm6
wbm-2-32325,0.140675,0.1515592161102296,Ba2 Ni2 Tl4
wbm-4-14713,0.042271,0.010529809170809368,Ce1 Ge6 Ir4
wbm-1-60488,-0.01875,-0.02733142950439511,Rh2 Zn6
wbm-1-34204,0.236807,0.2612441537475594,Nb1 Nd1 Tc2
wbm-2-24591,0.10288,0.03812735559082028,Eu2 Li1 Ni1
wbm-1-45431,0.013854,0.01450666483561166,Er2 P10
wbm-1-14260,0.13728,0.10979905941772422,Cu1 Dy2 Sn1
wbm-3-75319,0.001584,0.029530925842285234,Lu1 Tm5
wbm-2-31274,0.073996,0.023080538848877563,Nd2 Pt4 Tl2
wbm-5-18954,0.031344,0.03553354284667927,Cu2 Ir1 Sc3
wbm-2-7086,-0.091568,-0.09683217491319453,Br6 Cs2 Th1
wbm-4-16463,-0.005321,-0.009269753906250601,H1 In1 Nb3
wbm-4-31049,-0.008042,-0.051194566192627085,Pa1 Rh2 Sn1
wbm-1-58146,0.048074,0.03600368017578109,Br12 Te4 Ti4
wbm-2-38139,0.070458,0.04760031506347638,As2 Ho4 P2
wbm-3-8103,0.40836,0.45146905996093695,Au4 B4 Sm2
wbm-1-7388,1.570342,3.4455284974609377,C1 Hf1 Ir3
wbm-4-1692,0.06252,0.04440086474609313,Al6 Co1 Si2
wbm-1-12558,0.114447,0.08660977926199775,Co1 Cr1 Ga5
wbm-1-55202,0.047894,0.05965583723958368,La4 Ni4 Si4
wbm-1-17013,0.190018,0.026908194152832826,Fe2 Re1 Ru1
wbm-4-32947,0.032301,0.1522375281575524,Ba2 Pu2 Rh2 S6
wbm-3-1914,0.039338,-0.009423704386393492,Al6 Mn2 Nb4
wbm-1-55716,0.614946,0.6612884572753901,S1 Si1
wbm-3-63179,0.051986,0.05458579934692378,Rh1 Ru1 Sm2
wbm-5-22024,0.428036,0.6111423112182606,Ag4 V4
wbm-2-6829,0.036086,0.12791675878906233,Br8 Th4
wbm-5-19808,0.121199,0.125525540093315,Dy3 In3 Os1 Si2
wbm-2-13158,0.047088,0.25177456860351616,Cu4 In2 Pu4
wbm-4-38005,0.121211,0.05553701035563145,Bi2 Ti2 Yb2
wbm-3-6397,0.5227,0.2604118259684241,As1 Eu1 Ir1
wbm-3-30156,0.310349,0.35882358477783205,Ge2 Np1 Sr1
wbm-2-37575,0.016243,0.046460829052733736,O2 Y6 Zn2
wbm-5-9276,0.242315,0.18409317172241252,Er1 Ge2 Rh1
wbm-3-19100,0.027528,-0.05171965563964831,Au2 Bi4 Cs4
wbm-3-7062,0.686316,0.4178447361653648,Au2 Pb2 Pu2
wbm-2-6639,0.043107,-0.05208183706054593,As2 Be2 Tm1
wbm-3-14901,-0.029292,0.0019173500122070392,Cd2 Cl8
wbm-4-19752,0.075719,0.04412502419433563,In3 La1 Mg1
wbm-3-10815,0.102193,0.1302731295166011,C4 Lu2 Mn2
wbm-1-37150,0.291773,0.24010847998046886,Hf1 K1 O2
wbm-1-20953,-0.071835,-0.12590512103949658,Ba2 H6 Ni1
wbm-2-45077,0.134071,0.09069886909993502,Ba2 Rh2 Se6 Y2
wbm-5-15363,0.120377,0.2125940859375,Mg1 O4 Zr1
wbm-3-49824,0.045478,0.03192341357421847,Ir2 Ni1 Sn4
wbm-4-36309,0.251145,0.2743201418863932,Np2 Si2 Ta2
wbm-1-59439,0.017393,-0.0049645841979979385,Ni6 V2
wbm-1-57531,-0.056235,-0.11249790505981314,Eu1 Te3
wbm-2-1475,0.007579,-0.009650795776367297,Al6 Lu4 Pd2
wbm-1-45817,0.141717,0.10259235049874466,Au5 In1 P1
wbm-3-3182,0.125457,0.26817893239524193,Al5 Sn1 U5
wbm-1-19787,0.07001,0.0660762674763997,Ge2 I4
wbm-4-11259,-0.046879,-0.17622152636718835,Cs3 F6 Zn1
wbm-3-56481,0.040903,0.04203762040201862,Ho1 O8 Rb1 W2
wbm-2-27498,0.190357,0.18261500199381453,Mn5 Yb1
wbm-5-12965,0.38027,0.64324252017212,Mn2 Pu1 Yb1
wbm-2-32821,0.131617,0.1335767007446297,Ni1 Pb2
wbm-3-15475,0.072669,0.05681376645507848,Ce2 Co2 Hg1
wbm-3-33722,-0.051683,0.3404229562072751,I2 Np2
wbm-2-29504,0.32561,0.1955921419921875,Br2 Cr2 N1
wbm-3-38196,0.028005,0.019843593734741368,Ac1 Mg2 Y1
wbm-3-49367,0.017837,-0.015233582763671476,Nd6 Ni2
wbm-3-30516,0.015975,0.017339311132812212,Eu1 Ge3 Ru1
wbm-3-58188,0.102171,0.09917527950613801,Nd1 Ni2 P4
wbm-3-61008,0.063204,-0.021323966796875024,Au2 Nd2 Rb2 Te6
wbm-2-31789,0.131241,0.10493969114176427,Ni4 Sn6 Sr2
wbm-3-15257,-0.049356,-0.009428179980468784,Cl2 Fe4 La4
wbm-1-25423,0.213745,0.15822531274414034,Fe1 Li1 Mg1 Sn1
wbm-1-20153,0.090625,0.012429454752604527,Ge2 Ho2 Te2
wbm-1-59966,0.033954,0.05619939412434956,Rh8 Y4
wbm-1-47520,0.038182,0.052427318750000014,I3 Rb1 Sn1
wbm-2-35962,0.122687,0.1159037397949222,O6 Pt3 Rh1
wbm-3-15429,0.417938,0.30732933776855426,Bi1 Co2 Np1
wbm-1-4289,0.3818,0.23634978759765626,B2 Co3 Mn1
wbm-1-131,0.002432,0.03369302329101527,Ag4 Dy1
wbm-1-54517,0.224871,0.22903670751953092,Cl6 In2 Si2
wbm-2-2165,-0.028007,0.33848864457194,Ag2 Al7 Pu3
wbm-3-66820,-0.041282,-0.09084021577962216,Cs2 Cu2 Sc2 Se6
wbm-3-37325,0.078241,0.08003247757975307,Ce2 Li2 P2
wbm-2-50532,0.256241,0.1586473259480795,As4 Ti4 Zn4
wbm-3-55810,0.088435,0.06391591927083291,Na2 O7 Sm1 Ta2
wbm-2-34325,1.778674,1.7231098724121097,Ni1 O3 S1
wbm-1-53594,0.017004,0.010585702880860005,Mn2 Si4 Zr4
wbm-1-36440,-0.000852,-0.049673788891602046,As2 Br2 O4 Sr2
wbm-4-15090,0.101168,0.09147306700303844,Ge3 Pd3 Yb3
wbm-3-4565,0.137906,0.0985838006591791,Al4 In4 U4
wbm-1-47180,0.161292,0.12787001464843817,Pd1 Sn1
wbm-3-30335,0.225628,0.22491472551269528,Au1 Ge3 U1
wbm-4-9576,0.074124,0.03649996358235677,Cu4 Ga4 Nb4
wbm-2-18567,0.143749,0.13670320199584948,Ga2 Lu1 Sr1
wbm-3-21716,0.035187,0.10138566556803444,Dy2 Os1
wbm-3-17626,0.051615,0.0073367668050128634,Ce2 Co2 Sb2
wbm-4-37649,0.085378,0.052008175726996106,In1 Sb2 Ti6
wbm-2-25583,-0.023424,0.0170831298726399,Ac1 Mg5
wbm-2-8545,0.40629,0.4167930394531248,Ca4 Fe4 Ge2
wbm-3-68418,-0.161385,-0.10651627465820335,Ca2 Os4 Si4
wbm-1-36200,-0.009296,0.0002716780870227458,Ni1 Te2 Y6
wbm-2-9134,0.063441,0.04265996232910227,Ca1 Ge3 Ru1
wbm-1-46657,0.056975,0.024520822540283316,In1 Pd2 Pt1
wbm-4-21177,0.169452,0.16441177035522464,Au2 Co1 Mn1
wbm-1-35220,-0.178529,-0.18492379879760784,Ac2 Au1 Ni1
wbm-2-50788,0.141027,0.1128522471788197,As3 Mo3 V3
wbm-3-21083,-0.01991,-0.0009064902343750743,Cu1 Dy3 Ru2
wbm-2-36703,-0.009458,-0.00866980293782541,Cs1 Mo2 O8 Sm1
wbm-3-58766,0.321297,0.2920765323079438,La4 P4 Ta4
wbm-2-32991,0.010474,-0.014298826375325962,Nb2 Ni2 Se6 Tl2
wbm-3-73669,-0.083592,-0.050858257954915276,Bi2 Cs2 Sr2
wbm-3-7176,0.208559,0.09862276928711006,B4 Ce2 Pt4
wbm-4-546,0.049928,0.012820239257811866,Al4 Au4 Sc2
wbm-1-19880,0.18271,0.05073819259643461,Ge4 Os4
wbm-4-12823,0.447197,0.4788860206909187,Fe4 Hg4 Sr4
wbm-3-54125,0.288023,0.22722719262695273,Mg1 O6 Ta2 Ti1
wbm-3-46940,-0.005204,-0.03329936319986994,Na2 Ni2 Se6 Ti2
wbm-2-47364,0.257895,0.22679522648112033,Fe2 In2 Si2
wbm-3-20124,0.170202,0.07044749800618498,Cu4 In1 Ta1
wbm-3-70100,0.145228,0.1257937654030543,Ba3 Rh4 Si4
wbm-1-12438,0.701613,0.5610542328491199,Ce1 Cr3
wbm-5-17149,0.160388,0.1559457770080568,Pd2 Sb4 Sn2
wbm-1-24371,0.070546,0.10274560129123311,Li4 S4 Zr1
wbm-5-2343,0.261655,0.11635758832465304,B6 Ir2 Pu1
wbm-5-5211,0.161535,0.01558023149956586,Cr1 Hf6 Pb2
wbm-3-9666,0.109486,0.017226405965170027,B3 Rh6 Th3
wbm-3-62744,0.415296,0.39568770809936493,Pb1 Ru2 Yb1
wbm-5-15006,0.05623,0.10015518896484354,Lu1 Ni1 Pd2
wbm-1-47714,0.110153,0.1278268417053226,Hg1 La1 Rh2
wbm-3-20793,-0.132002,-0.16090789616902668,Au2 Cu2 I8
wbm-4-21757,0.141941,0.1767502415527347,Mn2 Sm4 Sn4
wbm-1-8122,0.064479,0.05913273154296865,Ca4 In2 Pt4
wbm-2-35923,0.067539,0.08126208842773418,Ba2 O6 Pd1 U1
wbm-3-4919,0.413633,0.6721803702799478,Al2 Pd2 Pu2
wbm-5-6739,-1.837425,-2.0168293269042974,F6 Lu1 Pa1
wbm-3-76558,0.03985,0.010714555053710884,Hg3 Tl3 Yb3
wbm-5-12532,0.132006,0.10336449301757844,Mg1 Ru2 Sc2
wbm-2-21374,0.099191,0.0667426175048827,H6 Nb2 Zn2
wbm-2-11011,0.152043,0.11280860469563789,Co2 Rh3 Sm1
wbm-2-52380,-0.003833,0.03400565970865877,Os2 Sn8 Zn2
wbm-3-21917,0.078437,-0.03383242001342804,Eu1 Ho1 Pb2
wbm-3-51663,0.334655,0.27173859677734297,In2 O6 Zr2
wbm-1-58941,0.371612,0.3513280067952457,Dy2 V4
wbm-4-1176,0.279103,0.23667703597586484,Al3 Si4
wbm-2-19108,0.04024,0.010445391113280966,Er2 Ga2 Pd2
wbm-1-50239,0.101473,0.06369508412000831,Ge2 S5 Sb2
wbm-2-40624,0.198129,0.23138645727538987,Hg1 Np1 Rh2
wbm-1-40567,0.184954,0.22264945861816415,Cu3 Nb1 O4
wbm-5-2893,0.069433,0.060041948133679496,B1 Ce2 Pd6
wbm-3-30321,0.062126,0.06296186640624989,Ag1 Eu1 Ge3
wbm-2-52098,0.090228,0.05123189465331976,In3 Yb3 Zn3
wbm-1-27042,0.004678,-0.011816171127319213,Mg4 Pd2 Yb2
wbm-1-14702,0.073371,0.05097496028645858,Au4 F8
wbm-3-16380,0.029301,0.013182840413411757,Co4 Er3 Ga2
wbm-2-913,0.111939,0.09271451907784621,Al2 Ni1 S4
wbm-3-29696,0.018406,-0.008869334790039186,Er4 Ge4 Pt2
wbm-1-13687,0.190313,0.19936975793456996,Cd2 Cu1 Ir1
wbm-1-14982,0.17428,0.15363921171875017,F6 K2 Ti2
wbm-1-32717,0.113087,0.0234244555664061,Cl6 Na3 Yb1
wbm-3-46926,-0.005328,-0.011629210052490624,Ce1 Na1 Te2
wbm-1-58651,0.376398,0.14794833553059838,Bi1 Ru1 Ti1
wbm-3-14618,0.071517,0.01922013100585923,Cl2 Sn1 Tb2
wbm-3-76063,0.040644,-0.00485832486979175,Os2 Y4
wbm-2-13819,-0.006421,0.008370347954644152,Bi2 Cu1 Th6
wbm-2-12595,0.317213,0.24789452090453984,Cr2 Cu2
wbm-2-16369,0.104014,0.1466366424865721,F6 Ru1 Ti1
wbm-3-23370,-0.019421,-0.020800341870117124,Cs3 F6 Rh1
wbm-2-20845,0.00961,0.011495447540284524,Ag2 Eu1 Ge1 Se4
wbm-3-45708,-0.000874,-0.026507674099392767,Cu2 Ho1 Na2 Se4
wbm-2-46660,0.177073,0.13874574965122727,Au1 Fe2 Si4
wbm-4-27429,0.60015,0.5544257530273435,Ho2 O6 Sc1 Ta1
wbm-3-16930,0.059404,0.059858984592014094,Co1 Ga3 Ge2 Yb3
wbm-3-65707,0.0807,0.05323711773681672,Pt2 Sb4 U2
wbm-3-47744,0.033307,-0.007700180999756084,In3 Ni2 Th3
wbm-4-37248,0.019552,-0.010067704081217335,In2 Rh3 Sr1
wbm-1-4776,0.186946,0.12079332535807302,B6 Ce1 Ti2
wbm-2-34152,0.057338,0.10969574465332033,Cl2 Na2 O6
wbm-3-40688,0.417158,0.29513120520019537,Er2 In2 Mn4
wbm-1-34906,0.016786,-0.012734164477538914,Lu4 Ni6
wbm-3-59751,0.195347,0.14559437540690057,Gd1 Pd2 Sn3
wbm-2-25457,0.083417,0.08531791259765596,Fe2 Mg4 Si4
wbm-3-42182,0.241891,0.2156829247233056,Ge2 Mn2 Y2
wbm-5-10603,0.145627,0.09241004530164881,Cu2 K2 Se4 Ta1
wbm-3-41552,0.066867,0.05927125369262741,Co4 La2 Mn2
wbm-1-56767,-0.010352,0.0009138229166668344,In4 Sn4 Sr4
wbm-2-13125,0.182983,0.1378528886922201,Cu2 Er3 In7
wbm-4-16070,0.053106,-0.06119534407552117,Fe1 H6 Lu2
wbm-2-13020,0.007252,0.004553003946940156,Cu2 Ga3 Pr1
wbm-1-23441,0.205399,0.20581442340087908,Co1 In1 Li2
wbm-1-23767,0.184011,0.11950188704427087,As2 Li4 O6
wbm-2-38751,0.319405,0.31360017081705777,Ce1 Ni1 P1
wbm-2-22531,0.054996,0.04867440858968099,In8 Ir2 Pr2
wbm-3-46261,0.223896,0.22978039796447738,Cu2 Ga1 Na1
wbm-1-57312,0.22832,0.04143968359375089,Pd1 Ta2 Tc1
wbm-3-25103,-0.026229,-0.02200226993815046,Fe6 Ge2 Hf4
wbm-3-58722,0.464427,0.27334027262369764,In1 P1 Pt1
wbm-3-38635,0.442238,0.37687955259874106,Cd3 Mg3 Np3
wbm-3-42938,0.207514,0.1758181738769532,Mn1 Sn3 Sr1
wbm-3-50199,0.440914,0.39684129367404414,Br4 O2 Rb2 Tm1
wbm-3-67079,0.220153,0.17157887219238271,Mn2 Sc1 Th1
wbm-3-53410,-0.001162,0.03401180507812495,Ba2 Co1 Ir1 O6
wbm-1-9879,0.029493,0.058056001342773784,Cl8 Zr4
wbm-2-41364,0.059935,0.022745185058593506,Rh2 Th4
wbm-1-61536,-0.064965,-0.0652168477105029,Bi2 Pt1 Zr6
wbm-3-63650,-0.043106,-0.036690837890625126,Hf2 I4 S4
wbm-4-26124,0.23165,0.22058252141113308,Ca2 Cd1 O6 Pt1
wbm-4-12602,0.077317,0.08149892687988253,Fe2 Ni4 Yb4
wbm-5-13010,0.119756,0.10829690083821569,Er1 Fe2 Mn3
wbm-3-60006,0.068628,0.1296027476806639,Bi1 Pd1
wbm-2-47012,0.12295,0.052820006001789765,Ca4 Si4 Y4
wbm-4-18196,0.047966,0.11810898445638068,As2 Co2 Li1 Tb1
wbm-2-34840,0.057061,0.058843787078857596,Na3 Nb1 O4
wbm-1-15419,0.029906,0.041086478963215725,Ba1 F4 Sn1
wbm-3-24240,0.264602,0.29220316232299837,Cu2 Fe4 Nd2
wbm-4-17322,0.674404,0.6766517844848634,Ac1 K2 Nd1
wbm-3-26219,0.151611,0.11656686509196051,Fe2 Ga2 Yb2
wbm-1-38853,0.054753,0.052186167456054595,Bi4 In4 O12
wbm-5-8095,0.095573,0.09228429633789094,Fe1 Os2 U2
wbm-4-17567,0.575904,0.6011274879455573,K1 Ni2 Pm1
wbm-4-29018,0.152723,0.1437643188934326,Bi1 Cd2 P1
wbm-4-28005,0.217716,0.12737048162286976,Ge2 Hf1 O7 Pu1
wbm-3-35613,-0.10861,-0.12435427105712939,K1 Np1 Se2
wbm-2-28516,0.671479,0.5928727531127936,Ge2 N4 Np2
wbm-5-16458,0.472792,0.4777000688069658,Os2 P2 Pb2
wbm-5-11872,0.182594,0.1299832270304365,Cu2 Mg3 Sc1
wbm-4-38923,0.360253,0.08165404959106387,Ir4 Yb4
wbm-2-22365,0.079293,0.08332959841918991,In4 Ir2 Np2
wbm-3-59107,0.163328,0.0627787218627934,P2 Pd2 Rb2 S6
wbm-3-48597,0.737157,0.6999006256713863,Ag2 Ni1 Sm1
wbm-1-22927,0.08841,0.11612192712402322,Fe2 In9 K1
wbm-4-34488,0.225234,0.14110983471679667,Pt2 Se6 Tl2 Yb2
wbm-3-62745,-0.090815,0.2750405936889645,Pu1 Ru2 Yb1
wbm-3-24395,0.138325,0.14458334796142577,Fe4 Ge2 Tm2
wbm-2-51356,0.033581,-0.023205381357828653,Tl1 Yb2
wbm-2-1004,0.225967,0.10259482211914063,Al2 Ge2 Ti1
wbm-2-8145,0.095226,-0.20464769287109377,C1 N2 Tb1
wbm-3-1155,0.118131,0.10719890661621088,Ac1 Al2 Pr1
wbm-3-73961,0.023872,0.08570893587239603,Au2 Pu2 Sr2 Te6
wbm-2-29857,0.522783,0.5124368290527346,N1 P1 Th3
wbm-1-38313,0.226829,0.21632680849609415,Ca1 O3 Re1
wbm-4-27205,0.267862,0.20490889267578088,Nd2 Ni1 O6 W1
wbm-1-9316,0.060598,0.05642303762817387,Cd3 Hf1
wbm-3-6678,0.341807,0.2423496117621522,As3 In3 Rh3
wbm-4-17814,0.300384,0.3711042786132811,La4 Os4 Pb2
wbm-5-7886,0.322523,0.14524047265625006,Co2 Fe2
wbm-1-55587,0.124413,0.03448981954955993,Sc2 Si1 Zn1
wbm-3-68356,0.354689,0.29178357871093774,As2 La1 Si2
wbm-4-16368,0.06263,-0.04183572930908182,Al1 Ge1 H1 Pr1
wbm-1-35271,0.075216,0.04722417800903306,Cd6 Ni2
wbm-2-51891,0.053535,0.08574292365180122,Er3 Tl3 Zn3
wbm-4-12495,0.343416,0.3097657975667319,Fe2 Ge2 Sr2
wbm-3-10786,0.090351,0.028567347167968923,C4 I2 U4
wbm-3-46204,-0.019241,-0.027643978808593532,Cl6 Na1 Rb2 Ti1
wbm-2-5394,0.201197,0.2896992764404297,B2 Tm1 Zn2
wbm-3-63911,0.079716,-0.007712546366372877,Ag2 Cs2 S6 Tb2
wbm-2-25024,0.270374,0.2361012167968753,Ge3 Li3 V3
wbm-2-2682,0.048852,0.10443275558471654,Al1 Fe1 Rh1 Zr1
wbm-2-1010,0.271289,0.2495725177459721,Ac1 Al2 Tl1
wbm-1-29275,0.089485,0.10642446316528371,Ga2 Mn6
wbm-2-20403,0.069541,0.032454064046224126,Eu2 Ge1
wbm-3-1550,0.174261,0.11658840445963575,Al3 Co1 Ge2 In3
wbm-3-12494,0.172177,0.1661451489868164,Ca2 Ni1 Pt1
wbm-3-28954,-0.028888,0.4586107329101561,Ga2 Pd4 Pu2
wbm-3-74762,0.239111,0.1910310639241531,Cu1 Pb1 Ti1
wbm-3-1986,0.000967,0.4079775314534504,Al3 Pt2 Pu1
wbm-2-29856,0.409523,0.16512723593749984,N1 P1 Tb3
wbm-4-16194,0.419882,0.23509408159722228,H6 Lu2 Zn1
wbm-2-46666,0.138729,0.15684953449041233,Fe4 Pr3 Si4
wbm-2-3974,0.242371,0.09958600712076804,As4 Au4 Th4
wbm-4-17023,0.096769,0.02590925744628919,Bi2 Er2 In2
wbm-3-76045,-0.004209,0.007289226527623112,In3 Ir2 Y2
wbm-2-47619,0.0019,-0.0006597323242181336,Ir4 Nd4 Si2
wbm-3-62263,-0.048407,-0.09115724617513046,Pb4 Rh4 Tb4
wbm-4-20188,0.036098,0.04969598333740225,Lu2 Mg2 Rb2 S6
wbm-1-38930,-0.005512,0.027788210815429665,K4 O6 V2
wbm-2-19722,0.113983,0.08085356435546881,Ge4 Pr2 Ru4
wbm-4-36214,0.092373,0.35689855938720666,S6 Si2
wbm-1-8550,-0.00648,0.012660690327962063,Ca2 Cu2 In8
wbm-2-6088,0.740006,0.7393222921874998,B2 Co6 K2
wbm-4-8367,0.275861,0.2164116746337899,Cr2 Cs1 Sb2
wbm-3-44348,0.231901,0.2507776813964847,Fe2 N6 Sc2
wbm-1-1456,-2.7e-05,-0.02816932149251339,Al8 Co2 Th2
wbm-2-15615,0.107165,0.10209405249023433,F6 Gd1 K2 Rb1
wbm-4-4338,0.024931,0.045005299519856476,B1 Ga2 Np1 Os2
wbm-1-43324,0.175195,0.15276168039772742,Bi2 O7 Sc2
wbm-1-46318,0.1294,0.11361101615397193,Au2 In2 P2 Se6
wbm-3-1573,0.467429,0.2911121737060548,Al6 Cr4 Re2
wbm-4-9,0.076524,0.07729448535156265,Ag4 Ce4 Pb2
wbm-5-5051,0.121068,0.14288498522949203,Cr3 Os5
wbm-4-8595,-0.01613,0.12640402871704068,Cr2 Ga4 U2
wbm-1-35164,0.519785,0.5789767519124348,Ag1 Ni1 Sb1
wbm-3-45381,0.036591,0.005088478759765772,N2 Rb2 Yb4
wbm-3-67349,0.020982,-0.06304464257812487,Cs2 Rh2 Sc2 Se6
wbm-2-26821,0.159024,0.1447383530069988,Mg1 Ni1 Si1
wbm-3-30428,0.182709,0.1779836479492184,Ge6 Lu2 Ta2
wbm-3-19453,0.12284,0.09155649196370472,Cu2 In3 Pr1
wbm-1-59618,0.097518,0.07745120962524421,Te2 V2
wbm-3-77944,-0.037793,-0.03945488511827259,Hf3 Pt3 Zn3
wbm-4-34835,0.370064,0.2765564188964838,Fe2 Re4 Si4
wbm-2-31820,0.037602,0.0372710949462888,Ni4 Pb2 Tm4
wbm-5-13690,0.530442,0.4417320337890622,Er1 K2 N2
wbm-3-62694,0.213233,0.07618168951415982,Ru4 Sm2 Sn2
wbm-3-18849,0.011379,-0.0111815877278644,Cr2 Ni2 Rb2 Te6
wbm-1-11613,0.346732,0.28362915301513664,Co1 Ga3
wbm-3-44198,-0.174656,-0.17148116406249989,Ce2 Mo2 N6
wbm-3-25428,0.138686,0.13162690063476523,Fe4 Ho1 Sn1
wbm-2-4391,0.299098,0.08206079756673212,As4 Pr4 Ru4
wbm-1-54812,0.063836,0.06023303735351637,Eu4 Pt4 Si4
wbm-4-24510,0.095097,0.07660289569091848,Cd4 Ge4 Ni4
wbm-5-18784,0.113957,0.09630471755371076,La1 Pb2 Sb2
wbm-4-11584,-0.039229,-0.02518155117187436,Fe4 Ga2 U4
wbm-1-37091,0.024652,0.023423134252929516,Cd2 K4 O4
wbm-4-37817,0.07075,0.037620768127441764,Ge1 Pd2 Ti1
wbm-1-16903,0.29693,0.31731804289899534,Ba3 Fe2 Ge2
wbm-3-69488,0.10853,0.027859646484374764,Cu2 Si6 Zr4
wbm-4-3001,0.018296,0.021219526855468594,Al1 Ir2 Zn1
wbm-2-20783,0.237622,0.3027444919433595,Ge2 Rh2 Ru4
wbm-3-61053,-0.084981,-0.03217551677246128,Ba4 Rh4 Tl2
wbm-3-52661,0.117208,0.11218098050944006,O4 Pr1 Zr1
wbm-2-26027,0.410119,0.4493205347493497,As1 Fe1 Mg1
wbm-3-58005,0.219212,0.12060048950195315,P4 Sc2
wbm-1-40939,0.335888,0.7371445808454238,Na2 O4 Yb1
wbm-2-49569,0.113788,-0.02412616674804685,Pb2 Sr1 Y1
wbm-1-14978,0.012184,0.020535640624999935,F6 K2 Sn2
wbm-5-2760,0.042336,0.02758412239583309,B1 Ga2 Lu1 Os2
wbm-4-7465,-0.005073,-0.0013824569868605757,Co4 Ge6 Sr1
wbm-1-56004,0.03558,0.06377951806640586,Ir3 Si3 Zr3
wbm-2-5416,0.074471,0.020912158761160746,B3 C2 Np2
wbm-4-3262,-0.047503,-0.06940899654134106,As2 Ce2 Pt2
wbm-3-64622,0.131343,0.052132913859049834,Cs2 Eu2 Pd2 S6
wbm-4-17024,0.018248,-0.004221085469563665,Er4 Hg4 In4
wbm-1-52203,0.076762,0.010909284790038942,Rh1 Sc1 Zn2
wbm-3-70823,0.288095,0.3129867183634442,Bi2 Cs2 Si2
wbm-3-14952,0.03778,0.003844578759766591,Cl8 Nb2
wbm-4-8394,0.620604,0.702141774169922,Cr2 Sn1 Y1
wbm-2-44709,0.267869,0.2322261611633304,In1 Pm1 Se2
wbm-3-5225,-0.03577,-0.08987446557617243,Al2 Pt4 Sc4
wbm-3-42763,-0.007799,-0.011820270792642584,Mn2 Se6 Tl2 Y2
wbm-4-21150,0.013951,-0.008776964453125083,Co2 Mn1 Zr2
wbm-4-21689,0.067155,0.06317108857421909,Mn2 Sb4 Yb4
wbm-4-24667,0.006085,-0.008644830627442375,Ir1 Ni1 Pr2
wbm-3-67032,0.017752,-0.013790287994384743,In2 Sc1 Tm1
wbm-3-52628,0.258179,0.20214447769165017,O4 Pr1 Zn3
wbm-1-42217,0.556917,0.5604574839409718,Cr1 Cu1 O6 Tm1
wbm-2-47516,-0.001161,-0.056197833129882725,Lu2 Os2 Si2
wbm-4-37509,0.194648,0.04615237904866537,Te2 Yb4
wbm-4-10044,0.385372,0.3844898271789547,Dy1 Ir2 Pb1
wbm-4-24716,0.201439,0.14275989808485218,Ni3 Rh3 Sn3
wbm-3-7383,0.512115,0.5473759543945306,B4 Ga4 Gd2
wbm-2-26156,0.099576,0.047530562866210935,Hg2 Mg1 Pb1
wbm-3-38221,0.038092,0.03584747180175783,In1 Mg2 Zn1
wbm-2-3348,0.145427,0.08551652646484402,Al1 Si3 Yb1
wbm-2-7662,0.265045,-0.03795115913899738,Al3 C5 Ca4
wbm-3-24748,0.217994,0.16768615002441414,Er4 Fe4 Sn2
wbm-4-22836,0.103857,0.03138408618164093,Ir2 N2 Tb6
wbm-2-38560,0.283588,0.22197025150553357,Ho2 Os2 P2
wbm-3-41481,0.234465,0.3176026926269532,Ba4 Mn4 Pt4
wbm-1-47657,0.118036,0.11895605297851561,Eu1 Rh2 Tl1
wbm-1-22780,0.051182,0.035106698425293285,As2 Au2 K2 Se6
wbm-3-33322,0.265181,0.16209863540649383,Cl2 H2 O2 Rh2
wbm-1-1707,0.172565,0.13142032832845044,Al4 As8
wbm-2-20252,0.151647,0.1299129804077151,Ag2 Ge2 In2
wbm-3-17557,0.08525,0.1291620364990213,Co2 Pu2
wbm-1-9824,0.01642,0.018758079971313967,Ag2 Cl4 Rb2
wbm-1-3386,0.030436,-0.0004538480834960397,As4 Au2 Yb2
wbm-4-26943,-0.013448,-0.04846797587890582,Mg1 O6 Sb1 Sr2
wbm-1-42788,0.081618,0.08128874824218693,Eu1 La2 O6 Sn1
wbm-1-4152,0.037946,0.07316216870117229,B2 C1 Pd2 Yb1
wbm-1-45879,0.11128,0.07172981909179656,Mn2 P1 Te2
wbm-2-37467,0.22162,0.14691272586059542,Ag2 O2 Se2 Sr2
wbm-1-51016,0.05062,0.03161628222656232,Au2 Gd1 Sb1
wbm-1-49762,0.252191,0.023620074121093126,Os4 S6
wbm-3-58549,0.103554,0.0714544563903808,Cu2 P2 Sm4
wbm-1-16196,0.110401,0.11282283988813904,F6 I2 K1 P1 Pb1
wbm-1-22697,0.118782,0.09982905624389643,As2 K3 Ni3
wbm-3-75436,0.190961,0.09007546826171875,Ge4 V2 Y1
wbm-2-8147,0.36347,0.07569103112793013,C1 N2 Tm1
wbm-3-61860,0.072984,0.06164449230957031,In2 Pt1 Rh1
wbm-4-39727,0.048387,0.031901073828124724,Nd4 Pt4 Zn2
wbm-3-68221,0.842231,0.8793896424407959,In2 Lu1 Se1
wbm-1-47707,0.093671,0.05895051635742207,In4 Rh8
wbm-4-4158,0.384417,0.19150251102701818,Al4 B1 Ho1
wbm-1-58680,-0.036488,-0.08635460821533206,Rb4 Se8 Ti4
wbm-3-56973,0.042251,0.07851087426757859,As2 K2 O1 Y2
wbm-3-61478,0.081435,0.06772641007486964,In2 La1 Rh3
wbm-2-12724,0.106122,0.1235051385498051,Cr1 Ga1 Ni2
wbm-3-78508,0.066653,0.06070688970947262,Cs2 In2 Se6 Zn2
wbm-1-630,0.009174,0.015463712056477825,Al8 Er4
wbm-2-27086,0.113943,-0.014763419759114452,Mg1 Zn4 Zr1
wbm-3-27161,0.06428,0.030023635335286403,Cs4 Fe2 Te6
wbm-1-15085,0.04571,-0.04593665612792966,F6 Pt2
wbm-3-5812,-0.043187,-0.02535730160522434,Ag2 As4 Pu2
wbm-1-42384,0.170029,0.14003722077636696,Ca2 Ge1 Mg1 O6
wbm-3-77811,0.023271,0.024872930859375544,Au4 Gd4 Zn2
wbm-2-47384,0.388946,0.3187996107991531,Fe2 Pu2 Si2
wbm-3-57552,0.168184,0.10523433740234356,Ag2 Eu2 P4
wbm-2-2634,0.195828,0.15554675238037008,Al1 Co1 Fe1 Tm1
wbm-3-31614,0.025764,0.08857423384602824,Ge2 Ru2 Tm2
wbm-3-38938,0.255679,0.007183821166991872,Ga2 Mg1 Zr1
wbm-1-9424,0.150299,0.13958238510131785,Cd1 Hg2 U1
wbm-3-22242,0.079398,0.07233987585449211,Al1 F6 In1
wbm-3-24709,0.201995,0.1521836043701177,Fe2 Sn2 Yb1
wbm-2-35651,0.183561,0.2888026553710942,Ce2 Mg1 O6 Pt1
wbm-3-58095,0.172962,0.0744908258056643,P2 Th1 Zn2
wbm-3-67756,0.075291,0.062090032501219916,Au2 Se4 Tm2
wbm-1-56134,-0.002733,0.01670826313476602,Ir4 Pr2 Sn4
wbm-2-11324,0.124142,0.1460198629705257,Co6 Dy2 Ge3
wbm-3-76118,0.090589,0.01854395327758815,Au1 Sn1 Y2
wbm-4-1389,0.088113,0.04282487086995418,Al8 Mn2 Sm2
wbm-2-3235,0.188741,0.14238584242757185,Al1 Er2 Sb3
wbm-3-53764,0.653909,0.6401063651367193,Ga1 O6 Ta1 Th2
wbm-4-36168,0.134128,0.1314519090983057,Rh2 Si2 U2
wbm-1-25348,0.080963,-0.04983655212402262,Ir2 Li1 U1
wbm-2-30211,0.046954,0.021558654125975858,Na4 Pt2 Sn4
wbm-5-17146,-0.120305,-0.1754949138997397,Pa2 Pd2 Sn2
wbm-2-48832,0.097952,0.1070578652547199,Au2 Er2 Sn2
wbm-1-32360,0.117168,0.09048697639973996,N2 V4
wbm-3-54977,0.09744,0.11535039389648441,Nb1 O6 Sr2 U1
wbm-2-17798,0.115511,0.1090735384928386,Fe4 Ge4 Rh4
wbm-3-10811,0.324552,0.3165858709106442,C2 Hf1 Mn1
wbm-2-52273,0.017977,-0.020952045410155738,Hf3 Ru2 Zn1
wbm-2-24143,0.057726,0.07530564308166482,Cd2 Ce1 Li1
wbm-4-4366,0.343994,0.22704647184244825,B1 Ga2 In1 Ru2
wbm-3-47866,0.127741,0.1357696836853025,Ni4 Pr2 Tl2
wbm-1-61522,0.079844,-0.013866453552246166,Sb2 Zr6
wbm-1-14073,0.108075,0.09019848306274411,Cu1 Rh3
wbm-1-4908,0.128519,0.19647790405273396,B4 Co4 Pd4
wbm-3-13287,0.009162,-0.03731133245849605,Ca2 I6
wbm-5-1644,0.18152,0.05881295172119136,Al1 Ce1 Ir1 Ru1
wbm-4-18434,0.003144,0.023927436645507637,As2 Hf1 Li1 Ni2
wbm-2-13595,0.047063,0.05516276850585911,Cu4 Hf1
wbm-4-37057,-0.077754,-0.09874601538085774,Sn1 U2
wbm-5-5094,0.395247,0.33611152101135267,Ba6 Cr2
wbm-3-27393,0.567847,0.5115099991455074,Ba1 Ga2 U1
wbm-1-47406,0.062639,0.038162426523844314,Ag8 Rb4
wbm-2-41829,0.367398,0.10154432202148406,Bi1 Ru1 Sm1
wbm-3-74233,0.038789,-0.03811897072346989,Cs4 La2 Te6
wbm-1-53071,0.017418,0.029901573516846035,Rb2 Se2
wbm-2-29032,-0.024984,-0.08278565971679741,N6 Pr2 Rh2
wbm-2-33408,-0.028395,-0.01105767789713524,Cl1 Cu1 O2 Yb2
wbm-1-53171,0.012384,0.028902567681206907,As2 Si2 Te5
wbm-4-36584,0.10362,-0.06964414685058555,Dy1 Ho1 Sn2
wbm-2-51634,0.064721,0.07359254162597667,Pb4 Sr2 Zn4
wbm-3-53766,0.339108,0.4362501691406249,Ga1 O6 Ta1 Th2
wbm-2-36605,-0.05097,-0.05393860172526081,Cr1 O8 Rb1 Se2
wbm-5-128,0.172041,0.059736350006103556,Ag1 Pb2 Tm1
wbm-2-35990,0.32118,0.4327391236816398,Ba3 O6 S1
wbm-1-49014,0.04009,0.04075650698852566,Bi2 K2 S4
wbm-3-36456,0.144208,0.11396702652994828,Li2 O7 Tb1 Zr2
wbm-3-7259,0.270347,0.21628749186197893,B2 C1 Ru2 Sc1
wbm-4-18212,0.087998,0.08007542781575507,Co2 Ga2 Li2
wbm-3-60558,0.048907,0.04506177266438764,Os4 Pr8
wbm-3-57614,0.232264,0.09662486181640659,Co2 P2 Pu1
wbm-4-11875,0.146016,0.17227705246582,Fe2 La2 Zn1
wbm-1-19397,0.090202,0.034702247998047386,Ge2 Os2 Sr1
wbm-4-14351,0.199459,0.08757565408325169,Ge4 Hf2 Ir2
wbm-2-50934,-0.044079,-0.05010847387695352,Nb2 Re1 V1
wbm-3-36549,0.217156,0.14998524814860023,As2 Li3 Ta1
wbm-4-2959,0.084554,0.026837875579834178,Al1 Hg2 Y1
wbm-1-36926,0.157357,0.15565860919189392,Ag2 Fe2 O4
wbm-5-14371,0.00222,0.049709023925781026,Nb1 Rh2 Ru1
wbm-5-22671,-0.072033,-0.21161332902832047,Pa2 Sn1 Zn2
wbm-1-28491,0.171169,0.36285783032226526,Mg1 Pu2 Ru1
wbm-1-4880,-0.039155,-0.039780729370117514,B2 C2 Dy2 Ni2
wbm-2-48140,-0.088226,-0.02288933801269563,Ho4 Se3 Si1
wbm-2-51661,-0.001518,-0.030019311614990142,Pd2 Y2 Zn4
wbm-3-18178,0.411984,0.30635836642456005,Cr2 In3 Tm3
wbm-3-468,0.220086,0.12189378920491517,Ag1 Bi1 Sm1
wbm-3-61199,0.076176,0.05485076823730403,Er2 In1 Rh2
wbm-2-50356,0.125272,0.18207524256727448,In3 Ir3 Ti3
wbm-2-24295,0.018188,0.010238671655273052,Cs2 F6 Li1 Tl1
wbm-5-12339,0.331345,0.25744183349609323,Mg3 Np3 Pb3
wbm-2-45304,-0.077613,-0.05171874188232424,Pu2 Se2 Te4
wbm-4-31708,0.205502,0.18251688861083962,In1 Ru2 Sm1
wbm-5-11591,0.297506,0.1665255828857421,As1 Mg2 Np1
wbm-4-4823,0.111812,-0.0014799500274658428,Br2 Pd2 Te4
wbm-5-16671,0.314013,0.3129351373291013,Cd2 P1 Ti1
wbm-4-34904,0.051813,-0.0011954553527832035,K2 Pt2 Si4
wbm-1-17960,0.158152,0.12862233947753912,Fe2 La2 Sn4
wbm-3-41082,0.156772,0.2572914250895182,Cu2 Dy1 Mn3
wbm-3-36228,0.126351,0.09288241981724338,Ge2 Hg2 Li2 Sr1
wbm-1-48550,0.147182,0.01172670609537757,Ru1 Sn2
wbm-2-32511,0.051056,0.025472198893228944,Ga3 Ni1 Sn2 Y3
wbm-3-63949,0.012191,-0.0019130123901365884,Au2 Ba2 Nd2 S6
wbm-3-66753,0.175035,0.1171969805772568,Co3 Ni3 Sc3
wbm-3-33097,0.019638,0.025548180908203166,Al1 Ge1 H1 Np1
wbm-3-24470,0.715114,0.6309048699340825,Ac1 Fe2 In1
wbm-4-18064,0.234762,0.227927543029785,Al1 Cd1 Ir1 Li1
wbm-1-46439,0.026144,0.1364619169108065,P2 Se2 Ti2
wbm-4-8865,0.687323,0.4986321092834477,Cr1 Tb1 Te2
wbm-1-47524,0.246992,0.1972715757522584,Cd1 Rb1 Sr2
wbm-5-289,0.166264,0.405773081878662,Al2 Pu1 Sm1
wbm-1-23004,0.508158,0.16615827072143674,K1 Mn1 Te2
wbm-5-12542,0.326743,0.23792025521850624,Mg1 Mn2 Sc1
wbm-3-72650,0.124763,0.12316732775878884,Lu2 Pt2 Sn4
wbm-3-62978,0.277332,0.3124408745727548,Eu2 Ru2
wbm-2-52378,0.062893,0.0645498323160809,Sn2 Zn1
wbm-1-50226,0.107931,0.10221395807756684,S4 Sn2 Zn1
wbm-3-66785,0.500995,0.46087484823608393,As1 Cu2 Sc1
wbm-1-32891,0.055857,0.04469519716796894,Al1 Br6 Cs2 Na1
wbm-4-16045,0.034131,0.07573234714084207,Cr1 H6 Lu2
wbm-2-49737,0.191501,0.1023168910522457,Rh1 Tc1 Tm2
wbm-2-13227,0.306136,0.20119176092529273,Cu2 Sb1 Sm1
wbm-2-23132,0.059767,0.029318909599304152,Ba2 K1 Tl1
wbm-3-38293,0.439023,0.3529332529703778,Hf4 Mg6 Si2
wbm-1-22087,0.161278,0.10080838151855492,In4 La1
wbm-4-7603,0.262443,0.25533748474121043,Au4 Co4 U4
wbm-1-34740,0.06636,-0.015298281331379837,Ni4 U2
wbm-1-47981,0.001718,0.0016967741699206477,Er2 In4 Rh2
wbm-1-39486,0.098846,0.08991804221191414,Bi4 O12 Rh4
wbm-1-58206,0.505333,0.16849268231201164,Cr3 Ti1
wbm-1-35850,0.064495,0.04953283108520526,Ni1 Pr2 Rh1
wbm-4-28713,0.110619,0.0645834836154516,Ho6 Os1 P2
wbm-3-27463,0.116217,0.08147645157877635,Au4 Dy3 Ga2
wbm-3-8410,0.340556,0.34660555917080993,B4 Np2 Pd5
wbm-3-67300,0.161471,0.05617535026041648,Ru9 Sc3
wbm-4-37606,0.027126,0.023274683593749696,Fe2 Ti3 Zn1
wbm-2-39536,0.074628,0.06560708944702162,In2 Pd4 Tb2
wbm-2-2781,0.179134,0.14610561751556392,Al1 Hg3
wbm-3-60646,0.103969,0.12794637166341152,Hg4 Pt8
wbm-4-4779,-0.011387,-0.018068275054931214,Br6 U2
wbm-5-8940,-0.034949,-0.14172259338379056,Ga1 Gd2 Sn1
wbm-2-39234,0.182768,0.08718385807291659,Au2 P2 Tb2
wbm-3-15482,0.358509,0.23500600762939367,Bi1 Ce1 Co2
wbm-1-44701,0.523991,0.6444469881795244,O4 S4 Sr4
wbm-3-21466,0.646391,0.5616337127990724,Cu1 Ta2 Tl1
wbm-3-55872,0.323796,0.26628277490234376,O7 P2 Pu2
wbm-4-5518,0.452256,0.5078734552612303,Ca2 Ge1 Ru1
wbm-1-6150,0.001669,-0.001172346042209203,Br6 Cd3
wbm-1-44835,0.143519,0.08089607820638017,I4 O4 Zr4
wbm-2-25965,0.529182,0.4416829833984379,Er1 Mg1 Os2
wbm-1-7173,-0.099859,-0.17212058222656243,C1 Cl2 Hf2
wbm-3-58053,-0.069178,-0.027375594140625556,P2 Ti2 Yb1
wbm-2-25385,0.11812,0.0752551118469238,Hf2 Mg4 Pd2
wbm-3-7387,0.148773,0.10018097382812535,B2 Gd1 Pt2
wbm-3-65577,-0.037097,0.004798516438801963,Pu2 S2 Sb2
wbm-2-2483,0.293321,0.2768210965440533,Al3 Cr3 Pt3
wbm-3-67377,0.010074,-0.006058096191406653,Pt4 Sc2 Sn2
wbm-2-30575,0.244958,0.24241613037109344,Ge1 Na1 Sm2
wbm-4-1943,0.398996,0.3329869658203123,Al4 Cr4 Yb4
wbm-2-46545,-0.026106,-0.033739328808594135,Pt1 Si3 Sr1
wbm-3-73085,-0.017495,-0.024882979370117037,Au4 Gd2 Sn2
wbm-2-8235,0.244592,0.160007491607666,C2 Ho4 Rb2
wbm-2-32281,0.431663,0.43140474560546915,As2 Ni2 Sm2
wbm-2-16101,0.173832,0.06856624880642403,F6 Rb2 Sr1
wbm-2-11346,0.096168,0.10410686436631889,Co8 Zr1
wbm-3-7861,0.085972,0.09166022092507127,B2 In2 Mg1 O6
wbm-2-12738,-0.04337,0.012661300720214895,Cr1 Ni1 Pt2
wbm-3-4411,0.073916,0.04289285323079463,Al1 Gd1 Ge1
wbm-3-53362,-0.006612,-0.02047316933593806,Ca1 O6 Ru1 Sr2
wbm-1-17692,0.126068,0.13274471150716133,Fe2 In8 La2
wbm-3-37462,0.042462,0.01862122740342853,Ho3 Li3 Sn3
wbm-4-27545,0.079118,0.07200926684570305,Au1 Cd1 O6 Sr2
wbm-1-9411,0.013255,0.029671783637153153,Cd3 Eu3 Pb3
wbm-1-16707,0.466998,0.2837731636352536,F1 Pb1
wbm-1-36210,0.251138,0.19270297459411612,Cd2 Ni1 Y1
wbm-1-14377,0.010446,0.011199776855468403,Cu2 Tb2 Te4
wbm-3-29888,0.120504,0.034152612792968606,Ge2 Pd3 Sm1
wbm-4-29435,0.337521,0.21407469876098723,Ni2 P1 Ta1
wbm-1-494,0.057293,0.053443242635091356,Ag3 Al2 Th1
wbm-2-29393,0.300491,0.08457650443522174,Br2 La2 N2
wbm-3-26323,0.154886,0.13068169527180964,Fe4 Ge4 Pt4
wbm-4-3185,0.12632,0.06516509655761693,As4 Pd2 Sr4
wbm-3-71745,0.743838,0.695265543014526,Hg2 Pt1 Si1
wbm-2-25804,-0.022931,-0.008403093424479084,Co4 Dy1 Mg1
wbm-3-68405,0.104232,0.07412774016462044,Ca2 Si2 Sn3
wbm-4-4126,0.170112,0.14083745415581622,B6 Cr2 Si1
wbm-3-58679,0.199768,0.052784150282117415,Au3 Gd3 P3
wbm-3-52834,-0.018365,0.022638725053267104,Hf2 Nd2 O5 Se2
wbm-1-7040,0.08052,0.06387462646484342,Al4 C5 Nb2
wbm-1-53002,0.562332,0.4608130081542975,Ir8 Se2
wbm-3-27195,0.069912,0.09826605389404322,Fe2 Tm6
wbm-1-58738,0.263176,0.4508538822631842,Bi1 Tc2 Ti1
wbm-3-74595,0.032822,-0.0042615302290479815,Fe2 Ga5 Ti4
wbm-4-23685,0.175609,0.15719388790893637,As1 Ni2 Pd1
wbm-4-33538,0.038179,0.06127176987304687,I2 Mn4 Sc4
wbm-2-12363,0.102491,0.07489742522321458,Cr2 Ga4 Ho1
wbm-2-10236,0.147113,-0.023954612182617352,Cl6 Er2 Rb2
wbm-3-6800,0.137873,0.009308529093424361,As4 Au4 Sm4
wbm-1-44540,0.14708,-0.001408926788330045,O2 P2 Th2 Zn2
wbm-1-6604,0.690909,0.7502817407226563,Al2 C4 Co2
wbm-3-1508,0.018244,0.045765479899088315,Al3 Ca2 Sn1
wbm-1-43507,0.865798,0.8654162328694658,Bi1 Cr2 Cu1 O8
wbm-4-1336,0.031855,0.34284231880696564,Al8 Cr2 Pu2
wbm-2-17139,0.220139,0.16832375740559907,Fe3 Pd2 Y1
wbm-4-5957,0.116163,0.2053781328735349,Br2 Ca2 Ni2
wbm-3-70985,0.174115,0.13730923447265678,Fe2 Si1 Y2
wbm-1-34148,0.322919,0.21229859112548805,Nb1 Ru2 Sb1
wbm-1-18572,0.087719,0.09985741284179696,Ag2 Ga1 La1
wbm-4-31050,-0.013131,-0.0036777727050776275,Pr4 Rh4 Sn2
wbm-1-47400,0.122865,0.12916642868041994,Rb3 Tl1
wbm-4-39786,-0.004899,0.029368448837279612,Pd2 Yb1 Zn1
wbm-3-63767,0.271667,0.13107271820068356,Ba2 Rb2 S4
wbm-1-22285,0.024263,0.026649575500488597,In4 La4
wbm-1-7848,0.236479,0.24190054130045582,C2 Se6 Tl4
wbm-3-24982,0.297525,0.15665673356119816,Co1 Fe3 Ge2 Sm3
wbm-5-8508,0.019659,0.007829838378906846,Ga3 Ru1 Sn2 Tm3
wbm-2-28945,-0.145917,-0.1985928061035153,Mo2 N6 Pu2
wbm-3-55837,0.133368,0.1489769723899142,Dy2 Nb2 O7
wbm-3-27645,0.007801,-0.003237130523681744,Au2 Ga4 Pr2
wbm-1-23049,-0.080803,-0.006655147176106754,K4 Pt8
wbm-5-13238,0.086922,0.08411260961914041,Ga3 Mn1 Pr1
wbm-1-53300,0.133996,0.10915794519043015,Cr12 Fe12 Si24
wbm-1-40135,-0.027237,0.007292115649414076,Bi2 O6 Yb2
wbm-1-18744,0.105901,0.056276368041992625,Ga2 Hf6
wbm-2-9753,0.04073,0.026466577921549286,Au4 Cd1 Ce1
wbm-4-32107,-0.059491,-0.024986558441162418,Np2 Ru2 Sb4
wbm-3-24585,0.235975,0.1902862194010419,Fe2 Ni1 Y3
wbm-2-37960,0.02346,-0.019295912863992383,P2 Rb1 S7 Sn1
wbm-4-4869,0.400977,0.08392528317871101,Br2 C4 Mg4
wbm-3-20007,0.036266,0.04245133393554657,Cu3 Y2
wbm-2-22120,0.157268,0.05527005444335882,Hf2 Pb4
wbm-1-24806,0.269028,0.2555990026855474,C2 Li2 Ni2 O6
wbm-1-7305,0.179479,0.23001848916015685,C1 Co1 Fe3
wbm-4-6575,0.229944,0.060138556787109415,Cl2 Te1 Ti2
wbm-2-38428,-0.44646,-0.4148103467814129,Cu4 P4 Yb4
wbm-3-52213,0.18521,0.17598458785574725,Na2 Nb1 O4
wbm-4-9086,0.026214,-0.017896545312499748,Cu2 Ga1 Th2
wbm-5-12608,0.04084,-0.022319392740885777,Mg3 Si3 Th3
wbm-2-22985,-0.119924,-0.10905574485270195,Hf2 K4 Se6
wbm-3-57997,0.090084,0.06132056407335168,P2 Sc6 Zn1
wbm-5-18683,0.039463,0.08724549918619792,I2 Np2 S2
wbm-3-977,0.249853,0.2661623832194008,Al2 Mn4 Pr3
wbm-3-46920,-0.04268,0.038870854207356746,Na1 Sb1 Sr1
wbm-2-43901,0.549679,0.5317811470703115,Ni4 Rb2 Sc4
wbm-2-28546,0.013012,0.041023440576172215,Eu1 Mg2 N2
wbm-4-19991,0.206705,0.11378897595214851,Mg1 Pd2 U1
